Workbook

Sheet file overview
A1: supplementary materials:
B3: CONSTRUCTING AND ANALYZING STOICHIOMETRIC MODELS OF NON-MODEL ORGANISMS: A CASE STUDY OF METHANOTROPHS AND GLOBAL WARMING POTENTIAL
B5: Adrienne D. Arnold, Campbell B. Putnam, Ashley E. Beck, Robin Gerlach, Ross P. Carlson
B7: tab
B8: model reaction data: experimental justification for model reactions
B9: biomass composition: conversion of experimental biomass composition data into a systems biology representation
B10: biomass calculations: manipulates the biomass composition for degree of reduction, carbon moles, and ATP requirements
B11: biomass reaction variations: list of biomass synthesis reactions considering different biomass degrees of reduction and different growth associated maintenance energy
B12: model metabolite data: analysis of model metabolites for elemental composition, charge, and degree of reduction
B13: model balance analysis: demonstration of mass balance, including electron balance, for the metabolic model using the stoichiometric matrix and metabolite chemical matrix
B14: CNA inputs type I: cellnetanalyzer syntax for defining 'reactions' and 'metabolites' files for the type I methanotroph simulations
B15: CNA inputs type II: cellnetanalyzer syntax for defining 'reactions' and 'metabolites' files for the type II methanotroph simulations
B16: ATP summary: summary of metabolic modeling results for type I and type II methanotroph ATP generation as a function of O2 and nitrate
... B25: code summary: summary of the CellNetAnalyzer and Flux Balance Analysis files and code

Sheet model reaction data
C2: type I or type II? | D2: rxn number | E2: pathway | F2: reaction | G2: reaction from metacyc | H2: reverse | I2: forward | J2: compartment | K2: EC number | L2: full name | M2: type I example gene | N2: type II example gene | Q2: copper cost | R2: citation
C3: both | D3: R1 | E3: methane metabolism | F3: methane + QH2 + O2 = methanol + Q + H2O | G3: methane + an electron-transfer quinol + dioxygen → methanol + an electron-transfer quinone + H2O | H3: 0 | I3: 1000 | J3: membrane bound | K3: 1.14.18.3 | L3: methane monooxygenase (particulate) | Q3: 3
C4: both | D4: R2 | E4: methane metabolism | F4: methane + NADH + H+ + O2 = methanol + NAD+ + H2O | G4: methane + NAD(P)H + dioxygen + H+ → methanol + NAD(P)+ + H2O | H4: 0 | I4: 1000 | J4: cytoplasm | K4: 1.14.13.25 | L4: methane monooxygenase (soluble)
C5: both | D5: direct_coupling | E5: methane metabolism | F5: methane + O2 = formaldehyde + H2O | H5: 0 | I5: 1000 | J5: membrane bound | L5: direct coupling | Q5: 3
C6: both | D6: R3 | E6: methane metabolism | F6: methanol + 2 cytc = formaldehyde + 2 cytcE + 2 H_pmf | G6: methanol + 2 an oxidized cytochrome cL → formaldehyde + 2 a reduced cytochrome cL + 2 H+ | H6: 0 | I6: 1000 | J6: periplasmic space | K6: 1.1.2.7 | L6: cytochrome c methanol dehydrogenase
C8: both | D8: R4 | E8: formaldehyde oxidation | F8: formaldehyde + NAD+ + H2O = formate + NADH + 2 H+ | G8: formaldehyde + NAD+ + H2O → formate + NADH + 2 H+ | H8: 0 | I8: 1000 | J8: cytoplasm | K8: 1.2.1.46 | L8: formaldehyde dehydrogenase
C9: both | D9: R5 | E9: formaldehyde oxidation | F9: formaldehyde + 2 cytc + H2O = formate + 2 cytcE + 3 H_pmf | G9: formaldehyde + 2 ferricytochrome b559/569 + H2O = formate + 2 ferrocytochrome b559/569 + 2 H+ | H9: 0 | I9: 1000 | J9: membrane | K9: 1.2.2.B1 | L9: quinoprotein formaldehyde dehydrogenase (cytochrome b559/569)
C11: I | D11: R6 | E11: ribulose monophosphate pathway (RuMP) | F11: D-ribulose_5-phosphate + formaldehyde = hexulose_6-phosphate | G11: hexulose 6-phosphate ↔ D-ribulose 5-phosphate + formaldehyde | H11: -1000 | I11: 1000 | K11: 4.1.2.43 | L11: 3-hexulose-6-phosphate synthase
C12: I | D12: R7 | E12: ribulose monophosphate pathway (RuMP) | F12: hexulose_6-phosphate = B-D-fructofuranose_6-phosphate | G12: hexulose 6-phosphate ↔ β-D-fructofuranose 6-phosphate | H12: -1000 | I12: 1000 | K12: 5.3.1.27 | L12: 6-phospho-3-hexuloisomerase
C14: both | D14: R8 | E14: formaldehyde oxidation (H4MPT) pathway | F14: formaldehyde + tetrahydromethanopterin = H2O + 5,10-methylene-tetrahydromethanopterin | G14: 5,10-methylene-tetrahydromethanopterin + H2O ← formaldehyde + tetrahydromethanopterin | H14: 0 | I14: 1000 | K14: 4.2.1.147 | L14: 5,6,7,8-tetrahydromethanopterin hydro-lyase
C15: both | D15: R9 | E15: formaldehyde oxidation (H4MPT) pathway | F15: 5,10-methylene-tetrahydromethanopterin + NAD+ = 5,10-methenyltetrahydromethanopterin + NADH | G15: 5,10-methylene-tetrahydromethanopterin + NAD(P)+ ↔ 5,10-methenyltetrahydromethanopterin + NAD(P)H | H15: 0 | I15: 1000 | K15: 1.5.1.- | L15: NAD(P)-dependent methylene H4MPT dehydrogenase
C16: both | D16: R10 | E16: formaldehyde oxidation (H4MPT) pathway | F16: 5,10-methylene-tetrahydromethanopterin + NADP+ = 5,10-methenyltetrahydromethanopterin + NADPH | G16: 5,10-methylene-tetrahydromethanopterin + NAD(P)+ ↔ 5,10-methenyltetrahydromethanopterin + NAD(P)H | H16: 0 | I16: 1000 | K16: 1.5.1.- | L16: NAD(P)-dependent methylene H4MPT dehydrogenase
C17: both | D17: R11 | E17: formaldehyde oxidation (H4MPT) pathway | F17: 5,10-methenyltetrahydromethanopterin + H2O = 5-formyl-tetrahydromethanopterin + H+ | G17: 5,10-methenyltetrahydromethanopterin + H2O → 5-formyl-tetrahydromethanopterin + H+ | H17: -1000 | I17: 1000 | K17: 3.5.4.27 | L17: methenyltetrahydropterin cyclohydrolase
C18: both | D18: R12 | E18: formaldehyde oxidation (H4MPT) pathway | F18: 5-formyl-tetrahydromethanopterin + H2O = formate + tetrahydromethanopterin + H+ | G18: 5-formyl-tetrahydromethanopterin + H2O → formate + tetrahydromethanopterin + H+ | H18: 0 | I18: 1000 | K18: N/A | L18: formyltransferase/hydrolase complex
C20: both | D20: R13 | E20: formaldehyde oxidation (THF) pathway | F20: formaldehyde + tetrahydrofolate = 5,10-methylenetetrahydrofolate + H2O | H20: 0 | I20: 1000 | K20: spontaneous | L20: spontaneous
C21: both | D21: R14 | E21: formaldehyde oxidation (THF) pathway | F21: 5,10-methylenetetrahydrofolate + NADP+ = 5,10-methenyltetrahydrofolate + NADPH | G21: 5,10-methylenetetrahydrofolate + NADP+ → 5,10-methenyltetrahydrofolate + NADPH | H21: 0 | I21: 1000 | K21: 1.5.1.5. | L21: methylenetetrahydrofolate dehydrogenase (NADP+)
C22: type II | D22: R15 | E22: formaldehyde oxidation (THF) pathway | F22: 5,10-methenyltetrahydrofolate + H2O = 10-formyl-tetrahydrofolate + H+ | G22: 5,10-methenyltetrahydrofolate + H2O ↔ 10-formyl-tetrahydrofolate + H+ | H22: -1000 | I22: 1000 | K22: 3.5.4.9 | L22: methenyl tetrahydrofolate cyclohydrolase
C23: both | D23: R16 | E23: formaldehyde oxidation (THF) pathway | F23: ATP + formate + tetrahydrofolate = ADP + 10-formyl-tetrahydrofolate + phosphate | G23: ATP + formate + tetrahydrofolate ↔ ADP + 10-formyl-tetrahydrofolate + phosphate | H23: -1000 | I23: 1000 | K23: 6.3.4.3 | L23: formate-tetrahydrofolate ligase
C25: both | D25: R17 | E25: formate dehydrogenase | F25: formate + NAD+ = NADH + CO2 | G25: formate + NAD+ ⇄ CO2 + NADH | H25: 0 | I25: 1000 | K25: 1.17.1.9 | L25: formate dehydrogenase
A27: other functionality in type I methanotrophs But et al 2019 | C27: both | D27: R18 | E27: serine cycle | F27: glycine + 5,10-methylenetetrahydrofolate + H2O = L-serine + tetrahydrofolate | G27: L-serine + a tetrahydrofolate ↔ glycine + a 5,10-methylenetetrahydrofolate + H2O | H27: -1000 | I27: 1000 | K27: 2.1.2.1 | L27: glycine hydroxymethyltransferase (serine hydroxymethyltransferase)
A28: also annotated as alanine, check But et al 2019 | C28: both | D28: R19 | E28: serine cycle | F28: glyoxylate + L-serine = glycine + hydroxypyruvate | G28: glyoxylate + L-serine ↔ hydroxypyruvate + glycine | H28: -1000 | I28: 1000 | K28: 2.6.1.45 | L28: serine-glyoxylate aminotransferase
B29: But et al 2017, need both NADH and NADPH versions of this. Also it's tetrameric in OB3b but dimeric in methanotrophs w the RuMP pathway. Also, for type I or type X methanotrophs, plays a role in interconversion of glyoxylate and glycolate--less important for type II, consider whether to add it in (But et al 2017). Irreversible in methanotrophs both for glycerate to hydroxypyruvate and for glycolate oxidation | C29: both | D29: R20 | E29: serine cycle | F29: hydroxypyruvate + NADH + H+ = D-glycerate + NAD+ | G29: D-glycerate + NAD(P)+ ↔ hydroxypyruvate + NAD(P)H + H+ | H29: 0 | I29: 1000 | K29: 1.1.1.81 | L29: hydroxypyruvate reductase
B30: But et al 2017 | C30: both | D30: R21 | E30: serine cycle | F30: hydroxypyruvate + NADPH + H+ = D-glycerate + NADP+ | G30: D-glycerate + NAD(P)+ ↔ hydroxypyruvate + NAD(P)H + H+ | H30: 0 | I30: 1000 | K30: 1.1.1.81 | L30: hydroxypyruvate reductase
C31: both | D31: R22 | E31: serine cycle | F31: D-glycerate + ATP = 2-phospho-D-glycerate + ADP + H+ | G31: D-glycerate + ATP → 2-phospho-D-glycerate + ADP + H+ | H31: 0 | I31: 1000 | K31: 2.7.1.165 | L31: glycerate kinase
C32: both | D32: R23 | E32: serine cycle to gluconeogenesis | F32: 2-phospho-D-glycerate = 3-phospho-D-glycerate | G32: 2-phospho-D-glycerate ↔ 3-phospho-D-glycerate | H32: -1000 | I32: 1000 | K32: 5.4.2.12 | L32: 2,3-bisphosphoglycerate-independent phosphoglycerate mutase
C33: both | D33: R24 | E33: serine cycle to gluconeogenesis | F33: 2-phospho-D-glycerate = phosphoenolpyruvate + 1 H2O | G33: 2-phospho-D-glycerate ↔ phosphoenolpyruvate + H2O | H33: -1000 | I33: 1000 | K33: 4.2.1.11 | L33: enolase
B34: OAA reduction is favored vs malate oxidation in OB3b, Rozova 2015 | C34: II | D34: R25 | E34: serine cycle | F34: phosphoenolpyruvate + hydrogencarbonate = oxaloacetate + phosphate | G34: oxaloacetate + phosphate ← phosphoenolpyruvate + hydrogencarbonate | H34: 0 | I34: 1000 | K34: 4.1.1.31 | L34: phosphoenolpyruvate carboxylase
C35: both | D35: R26 | E35: serine cycle to TCA | F35: oxaloacetate + NADH + H+ = (S)-malate + NAD+ | G35: (S)-malate + NAD+ ↔ oxaloacetate + NADH + H+ | H35: -1000 | I35: 1000 | K35: 1.1.1.37 | L35: malate dehydrogenase (NAD+)
C36: both | D36: R27 | E36: serine cycle | F36: (S)-malate + ATP + coenzyme_A = (S)-malyl-CoA + ADP + phosphate | G36: (S)-malate + ATP + coenzyme A ↔ (S)-malyl-CoA + ADP + phosphate | H36: -1000 | I36: 1000 | K36: 6.2.1.9 | L36: malate thiokinase (malate-CoA ligase)
A37: made irreversible to prevent loops. This means the EMC pathway can only be used to provide glyoxylate for the serine pathway, so glyoxylate cannot be converted to malate (without the addition of a 1C donor) | C37: both | D37: R28 | E37: serine cycle/EMC pathway | F37: (S)-malyl-CoA = acetyl-CoA + glyoxylate | G37: (S)-malyl-CoA ↔ glyoxylate + acetyl-CoA | H37: -1000 | I37: 1000 | K37: 4.1.3.24 | L37: malyl coenzyme A lyase
C39: II | D39: R29 | E39: EMC pathway/ PHB biosynthesis | F39: 2 acetyl-CoA = acetoacetyl-CoA + coenzyme_A | G39: 2 acetyl-CoA ↔ acetoacetyl-CoA + coenzyme A | H39: -1000 | I39: 1000 | K39: 2.3.1.9 | L39: acetyl-CoA acetyltransferase
C40: II | D40: R30 | E40: EMC pathway/ PHB biosynthesis | F40: acetoacetyl-CoA + NADPH + H+ = (3R)-3-hydroxybutanoyl-CoA + NADP+ | G40: (3R)-3-hydroxybutanoyl-CoA + NADP+ ← acetoacetyl-CoA + NADPH + H+ | H40: 0 | I40: 1000 | K40: 1.1.1.36 | L40: acetoacetyl-CoA reductase
C41: II | D41: R31 | E41: EMC pathway | F41: (3R)-3-hydroxybutanoyl-CoA = crotonyl-CoA + H2O | G41: (3R)-3-hydroxybutanoyl-CoA ↔ crotonyl-CoA + H2O | H41: -1000 | I41: 1000 | K41: 4.2.1.55 | L41: 3-hydroxybutyryl-CoA dehydratase (crotonase)
C42: II | D42: R32 | E42: EMC pathway | F42: crotonyl-CoA + CO2 + NADPH = NADP+ + (2S)-ethylmalonyl-CoA | G42: (2S)-ethylmalonyl-CoA + NADP+ ← crotonyl-CoA + CO2 + NADPH | H42: 0 | I42: 1000 | K42: 1.3.1.85 | L42: crotonyl-CoA carboxylase/reductase
C43: II | D43: R33 | E43: EMC pathway | F43: (2S)-ethylmalonyl-CoA = (2R)-ethylmalonyl-CoA | G43: (2S)-ethylmalonyl-CoA → (2R)-ethylmalonyl-CoA | H43: 0 | I43: 1000 | K43: 5.1.99.1 | L43: ethylmalonyl-CoA/methylmalonyl-CoA epimerase
C44: II | D44: R34 | E44: EMC pathway | F44: (2R)-ethylmalonyl-CoA = (2S)-methylsuccinyl-CoA | G44: (2R)-ethylmalonyl-CoA → (2S)-methylsuccinyl-CoA | H44: 0 | I44: 1000 | K44: 5.4.99.63 | L44: (2R)-ethylmalonyl-CoA mutase
A45: flavoprotein converted to quinol for purposes of this model | C45: II | D45: R35 | E45: EMC pathway | F45: (2S)-methylsuccinyl-CoA + Q = QH2 + 2-methylfumaryl-CoA | G45: (2S)-methylsuccinyl-CoA + an oxidized electron-transfer flavoprotein + H+ → 2-methylfumaryl-CoA + a reduced electron-transfer flavoprotein | H45: 0 | I45: 1000 | K45: 1.3.8.12 | L45: (2S)-methylsuccinyl-CoA dehydrogenase
C46: II | D46: R36 | E46: EMC pathway | F46: 2-methylfumaryl-CoA + H2O = (2R,3S)-B-methylmalyl-CoA | G46: (2R,3S)-β-methylmalyl-CoA ↔ 2-methylfumaryl-CoA + H2O | H46: -1000 | I46: 1000 | K46: 4.2.1.148 | L46: mesaconyl-CoA hydratase
C47: II | D47: R38 | E47: EMC pathway to propanoyl CoA degradation | F47: (2R,3S)-B-methylmalyl-CoA = glyoxylate + propanoyl-CoA | G47: (2R,3S)-β-methylmalyl-CoA ↔ glyoxylate + propanoyl-CoA | H47: -1000 | I47: 1000 | K47: 4.1.3.24 | L47: malyl-CoA lyase
C49: II | D49: R39 | E49: propanoyl CoA degradation | F49: ATP + propanoyl-CoA + hydrogencarbonate = (S)-methylmalonyl-CoA + ADP + phosphate + H+ | G49: ATP + propanoyl-CoA + hydrogencarbonate ↔ (S)-methylmalonyl-CoA + ADP + phosphate + H+ | H49: -1000 | I49: 1000 | K49: 6.4.1.3 | L49: propanoyl-CoA carboxylase
C50: II | D50: R40 | E50: propanoyl CoA degradation | F50: (S)-methylmalonyl-CoA = (R)-methylmalonyl-CoA | G50: (R)-methylmalonyl-CoA ↔ (S)-methylmalonyl-CoA | H50: -1000 | I50: 1000 | K50: 5.1.99.1 | L50: ethylmalonyl-CoA/methylmalonyl-CoA epimerase
C51: II | D51: R41 | E51: propanoyl CoA degradation | F51: (R)-methylmalonyl-CoA = succinyl-CoA | G51: (R)-methylmalonyl-CoA ↔ succinyl-CoA | H51: -1000 | I51: 1000 | K51: 5.4.99.2 | L51: methylmalonyl-CoA mutase
C53: both | D53: R42 | E53: TCA | F53: pyruvate + coenzyme_A + NAD+ = acetyl-CoA + CO2 + NADH | G53: pyruvate + coenzyme A + NAD+ → acetyl-CoA + CO2 + NADH | H53: 0 | I53: 1000 | K53: 1.2.1.104 | L53: pyruvate dehydrogenase system (PDH)
A54: *this is correct as irreversible | C54: both | D54: R43 | E54: TCA | F54: acetyl-CoA + oxaloacetate + H2O = citrate + coenzyme_A + H+ | G54: acetyl-CoA + oxaloacetate + H2O ↔ citrate + coenzyme A + H+ | H54: 0 | I54: 1000 | K54: 2.3.3.1, 2.3.3.16 | L54: citrate synthase
C55: both | D55: R44 | E55: TCA | F55: citrate = D-threo-isocitrate | G55: citrate ↔ D-threo-isocitrate | H55: -1000 | I55: 1000 | K55: 4.2.1.3 | L55: aconitate hydratase
A56: *irreversible to prevent loops | C56: both | D56: R45 | E56: TCA | F56: D-threo-isocitrate + NADP+ = 2-oxoglutarate + CO2 + NADPH | G56: D-threo-isocitrate + NADP+ ↔ 2-oxoglutarate + CO2 + NADPH | H56: 0 | I56: 1000 | K56: 1.1.1.42 | L56: isocitrate dehydrogenase (NADP+)
C57: both | D57: R46 | E57: TCA | F57: D-threo-isocitrate + NAD+ = 2-oxoglutarate + CO2 + NADH | G57: D-threo-isocitrate + NAD+ → 2-oxoglutarate + CO2 + NADH | H57: 0 | I57: 1000 | K57: 1.1.1.41 | L57: isocitrate dehydrogenase (NAD+)
C58: both | D58: R47 | E58: TCA | F58: 2-oxoglutarate + coenzyme_A + NAD+ = succinyl-CoA + NADH + CO2 | G58: 2-oxoglutarate + coenzyme A + NAD+ → succinyl-CoA + CO2 + NADH (2-oxoglutarate dehydrogenase complex) | H58: 0 | I58: 1000 | K58: 1.2.1.105 | L58: 2-oxoglutarate dehydrogenase system
C59: both | D59: R48 | E59: TCA | F59: ADP + phosphate + succinyl-CoA = ATP + succinate + coenzyme_A | G59: succinate + ATP + coenzyme A ↔ succinyl-CoA + ADP + phosphate | H59: -1000 | I59: 1000 | K59: 6.2.1.5 | L59: succinate—CoA ligase (ADP-forming)
A60: succinate dehydrogenase reaction combined with fumarate reductase to prevent loop. Pay attention to this when calculating investment | C60: both | D60: R49 | E60: TCA | F60: succinate + Q = fumarate + QH2 | G60: succinate[in] + a ubiquinone[membrane] → fumarate[in] + a ubiquinol[membrane] | H60: -1000 | I60: 1000 | K60: 1.3.5.1 | L60: succinate dehydrogenase
C61: both | D61: R50 | E61: TCA | F61: fumarate + H2O = (S)-malate | G61: (S)-malate ↔ fumarate + H2O | H61: -1000 | I61: 1000 | K61: 4.2.1.2 | L61: fumarate hydratase
A62: Rosova et al | C62: both | D62: R51 | E62: TCA to glycolysis | F62: (S)-malate + NADP+ = pyruvate + CO2 + NADPH | G62: (S)-malate + NADP+ → pyruvate + CO2 + NADPH | H62: 0 | I62: 1000 | K62: 1.1.1.40 | L62: NADP+ dependent malic enzyme
C63: both | D63: R52 | E63: TCA to glycolysis | F63: (S)-malate + NAD+ = pyruvate + CO2 + NADH | G63: (S)-malate + NAD+ → pyruvate + CO2 + NADH | H63: 0 | I63: 1000 | K63: 1.1.1.38 | L63: NAD+ dependent malic enzyme
A64: Matsen et al 2013 (OB3b) and in KEGG annotation for Methylomonas koyamae LM6 | C64: both | D64: R53 | E64: TCA to glycolysis | F64: pyruvate + hydrogencarbonate + ATP = oxaloacetate + ADP + phosphate + H+ | G64: pyruvate + hydrogencarbonate + ATP → oxaloacetate + ADP + phosphate + H+ | H64: 0 | I64: 1000 | K64: 6.4.1.1 | L64: pyruvate carboxylase
A66: *made irreversible for gluconeogenesis to prevent loops in type II | B66: D-glucopyranose_6-phosphate = B-D-fructofuranose_6-phosphate | C66: both | D66: R54 | E66: glycolysis | F66: D-glucopyranose_6-phosphate = B-D-fructofuranose_6-phosphate | G66: D-glucopyranose 6-phosphate ↔ β-D-fructofuranose 6-phosphate | H66: -1000 | I66: 1000 | K66: 5.3.1.9 | L66: glucose-6-phosphate isomerase
B67: B-D-fructofuranose_6-phosphate + diphosphate = B-D-fructofuranose_1,6-bisphosphate + phosphate + H+ | C67: both | D67: R55 | E67: glycolysis | F67: B-D-fructofuranose_6-phosphate + diphosphate = B-D-fructofuranose_1,6-bisphosphate + phosphate + H+ | G67: β-D-fructofuranose 6-phosphate + diphosphate ↔ β-D-fructofuranose 1,6-bisphosphate + phosphate + H+ | H67: -1000 | I67: 1000 | K67: 2.7.1.90 | L67: pyrophosphate dependent phosphofructokinase
B68: B-D-fructofuranose_1,6-bisphosphate = glycerone_phosphate + D-glyceraldehyde_3-phosphate | C68: both | D68: R56 | E68: gluconeogenesis/glycolysis | F68: B-D-fructofuranose_1,6-bisphosphate = glycerone_phosphate + D-glyceraldehyde_3-phosphate | G68: β-D-fructofuranose 1,6-bisphosphate ↔ glycerone phosphate + D-glyceraldehyde 3-phosphate | H68: -1000 | I68: 1000 | K68: 4.1.2.13 | L68: fructose-1,6-bisphosphate aldolase
B69: glycerone_phosphate = D-glyceraldehyde_3-phosphate | C69: both | D69: R57 | E69: gluconeogenesis/glycolysis | F69: glycerone_phosphate = D-glyceraldehyde_3-phosphate | G69: D-glyceraldehyde 3-phosphate ↔ glycerone phosphate | H69: -1000 | I69: 1000 | K69: 5.3.1.1 | L69: triosephosphate isomerase
B70: D-glyceraldehyde_3-phosphate + NAD+ + phosphate = 3-phospho-D-glycerol_phosphate + NADH + H+ | C70: both | D70: R58 | E70: gluconeogenesis/glycolysis | F70: D-glyceraldehyde_3-phosphate + NAD+ + phosphate = 3-phospho-D-glycerol_phosphate + NADH + H+ | G70: D-glyceraldehyde 3-phosphate + NAD+ + phosphate ↔ 3-phospho-D-glyceroyl phosphate + NADH + H+ | H70: -1000 | I70: 1000 | K70: 1.2.1.12 | L70: glyceraldehyde-3-phosphate dehydrogenase (triosephosphate dehydrogenase)
B71: 3-phospho-D-glycerol_phosphate + ADP = 1 3-phospho-D-glycerate + 1 ATP | C71: both | D71: R59 | E71: gluconeogenesis/glycolysis | F71: 3-phospho-D-glycerol_phosphate + ADP = 1 3-phospho-D-glycerate + 1 ATP | G71: 3-phospho-D-glycerate + ATP ↔ 3-phospho-D-glyceroyl phosphate + ADP | H71: -1000 | I71: 1000 | K71: 2.7.2.3 | L71: phosphoglycerate kinase
B72: phosphoenolpyruvate + AMP + diphosphate + H+ = pyruvate + ATP + phosphate | C72: both | D72: R60 | E72: gluconeogenesis | F72: phosphoenolpyruvate + AMP + diphosphate + H+ = pyruvate + ATP + phosphate | G72: pyruvate + ATP + phosphate ↔ phosphoenolpyruvate + AMP + diphosphate + H+ | H72: -1000 | I72: 1000 | K72: 2.7.9.1 | L72: pyruvate phosphate dikinase
C74: I | D74: R61 | E74: Entner-Doudoroff/PPP | F74: D-glucopyranose_6-phosphate + NADP+ = 6-phospho_D-glucono-1,5-lactone + NADPH + H+ | G74: D-glucopyranose 6-phosphate + NADP+ → 6-phospho D-glucono-1,5-lactone + NADPH + H+ | H74: 0 | I74: 1000 | K74: 1.1.1.49 | L74: NADP+-dependent glucose-6-phosphate dehydrogenase
C75: I | D75: R62 | E75: Entner-Doudoroff/PPP | F75: 6-phospho_D-glucono-1,5-lactone + H2O = D-gluconate_6-phosphate + H+ | G75: 6-phospho D-glucono-1,5-lactone + H2O → D-gluconate 6-phosphate + H+ | H75: 0 | I75: 1000 | K75: 3.1.1.31 | L75: 6-phosphogluconolactonase
C76: I | D76: R63 | E76: Entner-Doudoroff | F76: D-gluconate_6-phosphate = 2-dehydro-3-deoxy-D-gluconate_6-phosphate + H2O | G76: D-gluconate 6-phosphate → 2-dehydro-3-deoxy-D-gluconate 6-phosphate + H2O | H76: 0 | I76: 1000 | K76: 4.2.1.12 | L76: phosphogluconate dehydratase
C77: I | D77: R64 | E77: Entner-Doudoroff | F77: 2-dehydro-3-deoxy-D-gluconate_6-phosphate = D-glyceraldehyde_3-phosphate + pyruvate | G77: 2-dehydro-3-deoxy-D-gluconate 6-phosphate → D-glyceraldehyde 3-phosphate + pyruvate | H77: 0 | I77: 1000 | K77: 4.1.2.14, 4.1.2.55 | L77: 2-dehydro-3-deoxy-phosphogluconate aldolase
A79: blocked in type II (no gluconate link) | C79: I | D79: R65 | E79: phosphoketolase pathway | F79: D-gluconate_6-phosphate + NADP+ = D-ribulose_5-phosphate + CO2 + NADPH | G79: D-gluconate 6-phosphate + NADP+ → D-ribulose 5-phosphate + CO2 + NADPH | H79: 0 | I79: 1000 | K79: 1.1.1.44 | L79: phosphogluconate dehydrogenase [NAD(P)+-dependent, decarboxylating]
A80: blocked in type II (no gluconate link) | C80: I | D80: R66 | E80: phosphoketolase pathway | F80: D-gluconate_6-phosphate + NAD+ = D-ribulose_5-phosphate + CO2 + NADH | G80: D-gluconate 6-phosphate + NAD+ → D-ribulose 5-phosphate + CO2 + NADH | H80: 0 | I80: 1000 | K80: 1.1.1.343 | L80: phosphogluconate dehydrogenase [NAD(P)+-dependent, decarboxylating]
A81: removed from type II | C81: both | D81: R67 | E81: phosphoketolase pathway | F81: D-xylulose_5-phosphate + phosphate = D-glyceraldehyde_3-phosphate + acetyl_phosphate + H2O | G81: D-xylulose 5-phosphate + phosphate → D-glyceraldehyde 3-phosphate + acetyl phosphate + H2O | H81: 0 | I81: 1000 | K81: 4.1.2.9 | L81: phosphoketolase
A82: removed from type II | C82: both | D82: R68 | E82: phosphoketolase pathway | F82: B-D-fructofuranose_6-phosphate + phosphate = D-erythrose_4-phosphate + acetyl_phosphate + H2O | G82: β-D-fructofuranose 6-phosphate + phosphate → D-erythrose 4-phosphate + acetyl phosphate + H2O | H82: 0 | I82: 1000 | K82: 4.1.2.22 | L82: phosphoketolase
C84: both | D84: R69 | E84: pentose phosphate pathway | F84: D-ribose_5-phosphate + D-xylulose_5-phosphate = D-sedoheptulose_7-phosphate + D-glyceraldehyde_3-phosphate | G84: D-sedoheptulose 7-phosphate + D-glyceraldehyde-3-phosphate ← D-ribose 5-phosphate + D-xylulose-5-phosphate | H84: -1000 | I84: 1000 | K84: 2.2.1.1 | L84: transketolase
C85: both | D85: R70 | E85: pentose phosphate pathway | F85: D-erythrose_4-phosphate + D-xylulose_5-phosphate = B-D-fructofuranose_6-phosphate + D-glyceraldehyde_3-phosphate | G85: D-erythrose 4-phosphate + D-xylulose 5-phosphate ↔ β-D-fructofuranose 6-phosphate + D-glyceraldehyde 3-phosphate | H85: -1000 | I85: 1000 | K85: 2.2.1.1 | L85: transketolase
C86: both | D86: R71 | E86: pentose phosphate pathway | F86: D-ribulose_5-phosphate = D-xylulose_5-phosphate | G86: D-ribulose 5-phosphate ↔ D-xylulose 5-phosphate | H86: -1000 | I86: 1000 | K86: 5.1.3.1 | L86: ribulose-phosphate 3-epimerase
C87: both | D87: R72 | E87: pentose phosphate pathway | F87: D-ribose_5-phosphate = D-ribulose_5-phosphate | G87: D-ribose 5-phosphate ← D-ribulose-5-phosphate | H87: -1000 | I87: 1000 | K87: 5.3.1.6 | L87: ribose-5-phosphate isomerase
C88: both | D88: R73 | E88: pentose phosphate pathway | F88: D-sedoheptulose_7-phosphate + D-glyceraldehyde_3-phosphate = B-D-fructofuranose_6-phosphate + D-erythrose_4-phosphate | G88: D-sedoheptulose 7-phosphate + D-glyceraldehyde 3-phosphate ↔ β-D-fructofuranose 6-phosphate + D-erythrose 4-phosphate | H88: -1000 | I88: 1000 | K88: 2.2.1.2 | L88: transaldolase
C90: II | D90: R74 | E90: PHB synthesis | F90: (3R)-3-hydroxybutanoyl-CoA + H2O = polyhydroxybutyrate_produced + coenzyme_A + H+ | G90: (3R)-3-hydroxybutanoyl-CoA[periplasm] + [(R)-3-hydroxybutanoate]n[periplasm] → [(R)-3-hydroxybutanoate](n+1)[periplasm] + coenzyme A[periplasm] | H90: 0 | I90: 1000 | K90: 2.3.1.dq | L90: class I poly(R)-hydroxyalkanoic acid synthase
C91: II | D91: R75 | E91: PHB degradation | F91: polyhydroxybutyrate_consumed = 3-hydroxybutanoate | G91: [(R)-3-hydroxybutanoate]n + H2O → [(R)-3-hydroxybutanoate](n-1) + (R)-3-hydroxybutanoate | H91: 0 | I91: 1000 | K91: 3.1.1.75 | L91: polyhydroxyalkanoate depolymerase
C92: II | D92: R76 | E92: PHB degradation | F92: NAD+ + 3-hydroxybutanoate = acetoacetate + NADH + H+ | G92: (R)-3-hydroxybutanoate + NAD+ = acetoacetate + NADH + H+ | H92: -1000 | I92: 1000 | K92: 1.1.1.30 | L92: 3-hydroxybutyrate dehydrogenase
C93: II | D93: R77 | E93: PHB degradation | F93: ATP + acetoacetate + coenzyme_A = AMP + diphosphate + acetoacetyl-CoA | G93: acetoacetate + ATP + coenzyme A → acetoacetyl-CoA + AMP + diphosphate | H93: 0 | I93: 1000 | K93: 6.2.1.16 | L93: acetoacetate:CoA ligase (AMP-forming)
A94: *will only be used for fulfilling biomass term requirements under PHB consumption conditions | C94: II | D94: R78 | E94: PHB degradation to biomass | F94: polyhydroxybutyrate_consumed = polyhydroxybutyrate_produced | H94: 0 | I94: 1000
C96: both | D96: R79 | E96: carbonic anhydrase | F96: hydrogencarbonate + H+ = CO2 + H2O | G96: hydrogencarbonate + H+ ↔ CO2 + H2O | H96: -1000 | I96: 1000 | K96: 4.2.1.1 | L96: carbonic anhydrase
C98: both | D98: R80 | E98: nitrogen metabolism | F98: ammonium = ammonia + H+ | H98: 0 | I98: 1000 | L98: spontaneous
C99: both | D99: R81 | E99: nitrogen metabolism | F99: ammonium + L-glutamate + ATP = L-glutamine + ADP + phosphate + H+ | G99: ammonium + L-glutamate + ATP → L-glutamine + ADP + phosphate + H+ | H99: 0 | I99: 1000 | K99: 6.3.1.2 | L99: glutamine synthetase | M99: gln
A100: NADPH version annotated in KEGG for OB3b | C100: both | D100: R82 | E100: nitrogen metabolism | F100: L-glutamine + 2-oxoglutarate + NADPH + H+ = 2 L-glutamate + NADP+ | G100: 2 L-glutamate + NADP+ ← L-glutamine + 2-oxoglutarate + NADPH + H+ | H100: 0 | I100: 1000 | K100: 1.4.1.13 | L100: glutamate synthase (NADPH dependent)
B101: only nickel-iron hydrogenases present Shah et al 1995 | C101: both | D101: R83 | E101: nitrogen metabolism | F101: N2 + 8 ferredoxin_reduced + 16 ATP + 16 H2O = 2 ammonium + H2 + 16 ADP + 16 phosphate + 8 ferredoxin_oxidized + 6 H+ | G101: 8 a reduced ferredoxin [iron-sulfur] cluster + N2 + 16 ATP + 16 H2O → 8 an oxidized ferredoxin [iron-sulfur] cluster + 2 ammonium + 16 ADP + 16 phosphate + H2 + 6 H+ | H101: 0 | I101: 1000 | L101: nitrogenase
A102: This was pulled from Chen and Yoch 1989 (NAD specific, activity could be driven by formate dehydrogenase). Fdx associated w nitrogenase activity Poudel et al 2018 | C102: both | D102: R84 | E102: nitrogen metabolism | F102: 2 ferredoxin_oxidized + NADH = 2 ferredoxin_reduced + NAD+ + H+ | G102: a reduced 2[4Fe-4s] ferredoxin + NAD+ + H+ ⇄ an oxidized 2[4Fe-4s] ferredoxin + NADH | H102: 0 | I102: 1000 | K102: ﻿1.18.1.3 | L102: ﻿ferredoxin-NAD+ oxidoreductase
A103: Matsen et al 2013 | C103: both | D103: R85 | E103: nitrogen metabolism | F103: nitrate + NADH + H+ = nitrite + NAD+ + H2O | G103: nitrite + NAD(P)+ + H2O ← nitrate + NAD(P)H + H+ | H103: 0 | I103: 1000 | L103: nitrate reductase NAD(P)H dependent
A104: Matsen et al 2013 | C104: both | D104: R86 | E104: nitrogen metabolism | F104: nitrite + 3 NADH + 5 H+ = ammonium + 3 NAD+ + 2 H2O | G104: ammonium + 3 NAD+ + 2 H2O ← nitrite + 3 NADH + 5 H+ | H104: 0 | I104: 1000 | K104: 1.7.1.15 | L104: nitrite reductase
A105: Stein and Klotz 2011 | C105: both | D105: R87 | E105: nitrogen metabolism | F105: ammonia + QH2 + O2 = hydroxylamine + Q + H2O | G105: ammonia[in] + a reduced unknown two electron carrier[in] + oxygen[in] → hydroxylamine[in] + an oxidized unknown electron carrier[in] + H2O[in] | H105: 0 | I105: 1000 | L105: pMMO, acting as ammonia monooxygenase | Q105: 3
C106: both | D106: R88 | E106: nitrogen metabolism | F106: 4 cytc + hydroxylamine + H2O = 4 cytcE + nitrite + 5 H+ | G106: 4 an oxidized c-type cytochrome[out] + hydroxylamine[in] + H2O[in] → 4 a reduced c-type cytochrome[out] + nitrite[in] + 5 H+[in] | H106: 0 | I106: 1000 | K106: 1.7.2.6 | L106: hydroxylamine oxidoreductase
A107: Stein and Klotz 2011 | C107: both | D107: R89 | E107: nitrogen metabolism | F107: nitrite + cytcE + 2 H+ = nitric_oxide + cytc + H2O | G107: nitric oxide + an oxidized c-type cytochrome + H2O ← nitrite + a reduced c-type cytochrome + 2 H+ | H107: 0 | I107: 1000 | K107: 1.7.2.1 | L107: dissimilatory nitrite reductase (NO-forming) | Q107: 2 | R107: unclear whether this is NirS, which does not contain copper, or NirK, which does, or another unknown enzyme. Methylocystis sp. strain Rockwell has NirK; include that here for now (Stein et al 2011, Nitrifying and denitrifying pathways of methanotrophic bacteria)
A108: Can also be carried out by hydroxylamine oxidoreductase in some organisms (see Candidatus Brocadia anammoxidans on Metacyc) | C108: both | D108: R90 | E108: nitrogen metabolism | F108: 2 nitric_oxide + 2 cytcE + 2 H_pmf = nitrous_oxide + 2 cytc + H2O | G108: 2 nitric oxide[periplasm] + 2 a reduced c-type cytochrome[periplasm] + 2 H+[periplasm] ↔ nitrous oxide[periplasm] + 2 an oxidized c-type cytochrome[periplasm] + H2O[periplasm] | H108: -1000 | I108: 1000 | K108: 1.7.2.5 | L108: nitric oxide reductase
C109: both | D109: R91 | E109: polyamine production | F109: L-glutamate + ATP = g-L-glutamyl_5-phosphate + ADP | G109: L-glutamate + ATP → γ-L-glutamyl 5-phosphate + ADP | H109: 0 | I109: 1000 | K109: 2.7.2.11 | L109: glutamate 5-kinase
C110: both | D110: R92 | E110: polyamine production | F110: g-L-glutamyl_5-phosphate + NADPH + H+ = L-glutamate-5-semialdehyde + NADP+ + phosphate | G110: L-glutamate-5-semialdehyde + NADP+ + phosphate ← γ-L-glutamyl 5-phosphate + NADPH + H+ | H110: 0 | I110: 1000 | K110: 1.2.1.41 | L110: glutamate-5-semialdehyde dehydrogenase
C111: both | D111: R93 | E111: polyamine production | F111: L-glutamate-5-semialdehyde + L-glutamate = L-ornithine + 2-oxoglutarate | G111: L-ornithine + 2-oxoglutarate ↔ L-glutamate + L-glutamate-5-semialdehyde | H111: -1000 | I111: 1000 | K111: 2.6.1.13 | L111: ornithine--oxo-acid transaminase
C112: both | D112: R94 | E112: polyamine production | F112: L-ornithine + H+ = CO2 + putrescine | G112: L-ornithine + H+ → CO2 + putrescine | H112: 0 | I112: 1000 | K112: 4.1.1.17 | L112: ornithine decarboxylase
B114: complex I (nuo) | C114: both | D114: R95 | E114: electron transport chain | F114: 1 NADH + 1 Q + 5 H+ = 1 NAD+ + 1 QH2 + 4 H_pmf | G114: NADH + ubiquinone + 5 H(+)(In) <=> NAD(+) + ubiquinol + 4 H(+)(Out) | H114: 0 | I114: 1000 | K114: 7.1.1.2 | L114: NADH:ubiquinone reductase (H(+)-translocating) | Q114: 0
B115: complex 3 (cytochrome bc1; Q cycle) | C115: both | D115: R96 | E115: electron transport chain | F115: 1 QH2 + 2 H+ + 2 cytc = 1 Q + 4 H_pmf + 2 cytcE | G115: quinol + 2 ferricytochrome c = quinone + 2 ferrocytochrome c + 2 H+[side 2] | H115: 0 | I115: 1000 | K115: 7.1.1.8 | L115: ubiquinol-cytochrome c reductase | Q115: 0
B116: complex 4 (terminal oxidase) | C116: both | D116: R97 | E116: electron transport chain | F116: 4 cytcE + 1 O2 + 8 H+ = 4 cytc + 4 H_pmf + 2 H2O | G116: 4 a reduced c-type cytochrome[out] + 8 H+[in] + oxygen[in] → 4 an oxidized c-type cytochrome[out] + 4 H+[out] + 2 H2O[in] | H116: 0 | I116: 1000 | K116: 7.1.1.9 | L116: cytochrome c oxidase | Q116: 2 | R116: Scott 1995
A117: cytochrome bd oxidase is not a part of the heme-copper oxidase superfamily. This stoichiometry pulled from BRENDA; one option on metacyc is not proton pumping | B117: cytochrome bd ubiquinol oxidase | C117: both | D117: R98 | E117: electron transport chain | F117: 2 QH2 + 1 O2 + 4 H+ = 2 Q + 2 H2O + 4 H_pmf | G117: 2 an electron-transfer quinol[inner membrane] + 4 H+ + oxygen → 2 an electron-transfer quinone[inner membrane] + 4 H+[periplasm] + 2 H2O | H117: 0 | I117: 1000 | K117: 7.1.1.7 | L117: cytochrome bd ubiquinol oxidase | Q117: 0
A118: *cytochrome bo3 same as cytochrome o (the KEGG designation) | B118: quinol oxidase | C118: both | D118: R99 | E118: electron transport chain | F118: 2 QH2 + 1 O2 + 8 H+ = 2 Q + 2 H2O + 8 H_pmf | G118: 2 an ubiquinol[inner membrane] + oxygen + 8 H+ → 2 a ubiquinone[inner membrane] + 8 H+[periplasm] + 2 H2O | H118: 0 | I118: 1000 | K118: 7.1.1.3 | L118: cytochrome bo3 ubiquinol oxidase | Q118: 1 | R118: metacyc, info on e coli; see also 10.1021/bi901187u
...

Sheet type II biomass composition
A2: Biomass term calculation sheet: | C2: (based on theory from Neidhardt et al., 1990, Physiology of the Bacterial Cell)
A4: biomass composition values from Yang et al., 2013 for Methylosinus trichosporium OB3b DOI 10.3389/fmicb.2013.00070 | AA4: weighted cost
A5: protein
B6: molecular weight (g/mol) | C6: % cdw (w/w) (values from Yang et al 2013) | D6: final mol compound/ mol biomass | E6: calculated % cdw g/g from Neidhardt | F6: umol / g (from Neidhardt pg 136) | G6: DNA and RNA (molar fractions) from GC content and from 16S rRNA | I6: glc-6-p | J6: rib-5-p | K6: ery-4-p | L6: pep | M6: pyr | N6: ace-coa | O6: akg | P6: oxalo | Q6: atp | R6: nadh | S6: nadph | T6: N_GT | U6: NH4 | V6: N_GN | W6: CO2 | X6: polyhydroxybutyrate_produced/glycogen_produced | Y6: L-ornithine | AA6: glc-6-p | AB6: rib-5-p | AC6: ery-4-p | AD6: pep | AE6: pyr | AF6: ace-coa | AG6: akg | AH6: oxalo | AI6: atp | AJ6: nadh | AK6: nadph | AL6: N_GLU | AM6: N_GLN | AN6: co2 | AO6: polyhydroxybutyrate | AP6: L-ornithine | AU6: glc-6-p | AV6: rib-5-p | AW6: ery-4-p | AX6: pep | AY6: pyr | AZ6: ace-coa | BA6: akg | BB6: oxalo | BC6: atp | BD6: nadh | BE6: nadph | BF6: N_GLU | BG6: N_GLN | BH6: CO2 | BI6: polyhydroxybutyrate | BJ6: L-ornithine | BM6: polymerization ATP | BN6: polymerization ATP mol/mol | BP6: *accounts for ATP required to polymerize proteins, RNA, DNA, etc.
A7: alanine | B7: 89.09 | C7: 4.7 | D7: =(C7/100)*24*(1/B7) -> 0.012661354 | E7: =((F7*B7*(10^(-6)))/1)*100 -> 4.347592 | F7: 488 | M7: 1 | S7: 0 | T7: 1 | AA7: =I7*D7 -> 0 | AB7: =J7*D7 -> 0 | AC7: =K7*D7 -> 0 | AD7: =L7*D7 -> 0 | AE7: =M7*D7 -> 0.012661354 | AF7: =N7*D7 -> 0 | AG7: =O7*D7 -> 0 | AH7: =P7*D7 -> 0 | AI7: =Q7*D7 -> 0 | AJ7: =R7*D7 -> 0 | AK7: =D7*S7 -> 0 | AL7: =T7*D7 -> 0.012661354 | AM7: =V7*D7 -> 0 | AN7: =D7*W7 -> 0 | AO7: =$D7*X7 -> 0 | AP7: =$D7*Y7 -> 0
A8: arginine | B8: 174.2 | C8: 5.2 | D8: =(C8/100)*24*(1/B8) -> 0.0071641791 | E8: =((F8*B8*(10^(-6)))/1)*100 -> 4.89502 | F8: 281 | O8: 1 | Q8: 6 | R8: -1 | S8: 1 | T8: 3 | V8: 1 | AA8: =I8*D8 -> 0 | AB8: =J8*D8 -> 0 | AC8: =K8*D8 -> 0 | AD8: =L8*D8 -> 0 | AE8: =M8*D8 -> 0 | AF8: =N8*D8 -> 0 | AG8: =O8*D8 -> 0.0071641791 | AH8: =P8*D8 -> 0 | AI8: =Q8*D8 -> 0.042985075 | AJ8: =R8*D8 -> -0.0071641791 | AK8: =D8*S8 -> 0.0071641791 | AL8: =T8*D8 -> 0.021492537 | AM8: =V8*D8 -> 0.0071641791 | AN8: =D8*W8 -> 0 | AO8: =$D8*X8 -> 0 | AP8: =$D8*Y8 -> 0
A9: asparagine | B9: 132.12 | C9: 1.6 | D9: =(C9/100)*24*(1/B9) -> 0.0029064487 | E9: =((F9*B9*(10^(-6)))/1)*100 -> 3.025548 | F9: 229 | P9: 1 | Q9: 2 | S9: 0 | T9: 1 | V9: 1 | AA9: =I9*D9 -> 0 | AB9: =J9*D9 -> 0 | AC9: =K9*D9 -> 0 | AD9: =L9*D9 -> 0 | AE9: =M9*D9 -> 0 | AF9: =N9*D9 -> 0 | AG9: =O9*D9 -> 0 | AH9: =P9*D9 -> 0.0029064487 | AI9: =Q9*D9 -> 0.0058128974 | AJ9: =R9*D9 -> 0 | AK9: =D9*S9 -> 0 | AL9: =T9*D9 -> 0.0029064487 | AM9: =V9*D9 -> 0.0029064487 | AN9: =D9*W9 -> 0 | AO9: =$D9*X9 -> 0 | AP9: =$D9*Y9 -> 0 | AT9: sumProt: | AU9: =AA28 -> 0 | AV9: =AB28 -> 0.003575821 | AW9: =AC28 -> 0.0082726577 | AX9: =AD28 -> 0.031136596 | AY9: =AE28 -> 0.057811686 | AZ9: =AF28 -> 0.009880308 | BA9: =AG28 -> 0.021531454 | BB9: =AH28 -> 0.026020312 | ... BJ9: =AP28 -> 0 | BM9: 22000 | BN9: =BM9*24*(1/(10^6)) -> 0.528
A10: aspartate | B10: 133.11 | C10: 3.2 | D10: =(C10/100)*24*(1/B10) -> 0.0057696642 | E10: =((F10*B10*(10^(-6)))/1)*100 -> 3.048219 | F10: 229 | P10: 1 | S10: 0 | T10: 1 | AA10: =I10*D10 -> 0 | AB10: =J10*D10 -> 0 | AC10: =K10*D10 -> 0 | AD10: =L10*D10 -> 0 | AE10: =M10*D10 -> 0 | AF10: =N10*D10 -> 0 | AG10: =O10*D10 -> 0 | AH10: =P10*D10 -> 0.0057696642 | AI10: =Q10*D10 -> 0 | AJ10: =R10*D10 -> 0 | AK10: =D10*S10 -> 0 | AL10: =T10*D10 -> 0.0057696642 | AM10: =V10*D10 -> 0 | AN10: =D10*W10 -> 0 | AO10: =$D10*X10 -> 0 | AP10: =$D10*Y10 -> 0 | AT10: sumRNA: | AU10: =AA36 -> 0 | AV10: =AB36 -> 0.0096894335 | AW10: =AC36 -> 0 | AX10: =AD36 -> 0.0046797902 | AY10: =AE36 -> 0 | AZ10: =AF36 -> 0 | BA10: =AG36 -> 0 | BB10: =AH36 -> 0.0050096433 | ... BJ10: =AP36 -> 0 | BM10: 256 | BN10: =BM10*24*(1/(10^6)) -> 0.006144
A11: cysteine | B11: 121.16 | C11: 0.4 | D11: =(C11/100)*24*(1/B11) -> 0.00079234071 | E11: =((F11*B11*(10^(-6)))/1)*100 -> 1.054092 | F11: 87 | L11: 1 | Q11: 4 | R11: -1 | S11: 4 | T11: 1 | AA11: =I11*D11 -> 0 | AB11: =J11*D11 -> 0 | AC11: =K11*D11 -> 0 | AD11: =L11*D11 -> 0.00079234071 | AE11: =M11*D11 -> 0 | AF11: =N11*D11 -> 0 | AG11: =O11*D11 -> 0 | AH11: =P11*D11 -> 0 | AI11: =Q11*D11 -> 0.0031693628 | AJ11: =R11*D11 -> -0.00079234071 | AK11: =D11*S11 -> 0.0031693628 | AL11: =T11*D11 -> 0.00079234071 | AM11: =V11*D11 -> 0 | AN11: =D11*W11 -> 0 | AO11: =$D11*X11 -> 0 | AP11: =$D11*Y11 -> 0 | AT11: sumDNA: | AU11: =AA43 -> 0 | AV11: =AB43 -> 0.0014910151 | AW11: =AC43 -> 0 | AX11: =AD43 -> 0.00074550754 | AY11: =AE43 -> 0 | AZ11: =AF43 -> 0 | BA11: =AG43 -> 0 | BB11: =AH43 -> 0.00074550754 | ... BJ11: =AP43 -> 0 | BM11: 150 | BN11: =BM11*24*(1/(10^6)) -> 0.0036
A12: glutamate | B12: 147.13 | C12: 3.7 | D12: =(C12/100)*24*(1/B12) -> 0.0060354788 | E12: =((F12*B12*(10^(-6)))/1)*100 -> 3.67825 | F12: 250 | O12: 1 | S12: 0 | T12: 1 | AA12: =I12*D12 -> 0 | AB12: =J12*D12 -> 0 | AC12: =K12*D12 -> 0 | AD12: =L12*D12 -> 0 | AE12: =M12*D12 -> 0 | AF12: =N12*D12 -> 0 | AG12: =O12*D12 -> 0.0060354788 | AH12: =P12*D12 -> 0 | AI12: =Q12*D12 -> 0 | AJ12: =R12*D12 -> 0 | AK12: =D12*S12 -> 0 | AL12: =T12*D12 -> 0.0060354788 | AM12: =V12*D12 -> 0 | AN12: =D12*W12 -> 0 | AO12: =$D12*X12 -> 0 | AP12: =$D12*Y12 -> 0 | AT12: sumLipd: | AU12: =AA49 -> 0 | AV12: =AB49 -> 0 | AW12: =AC49 -> 0 | AX12: =AD49 -> 0.0055396936 | AY12: =AE49 -> 0 | AZ12: =AF49 -> 0.044317549 | BA12: =AG49 -> 0 | BB12: =AH49 -> 0 | ... BJ12: =AP49 -> 0 | BM12: 258 | BN12: =BM12*24*(1/(10^6)) -> 0.006192
A13: glutamine | B13: 146.14 | C13: 1.9 | D13: =(C13/100)*24*(1/B13) -> 0.0031202956 | E13: =((F13*B13*(10^(-6)))/1)*100 -> 3.6535 | F13: 250 | O13: 1 | Q13: 0 | S13: 0 | T13: 1 | V13: 1 | AA13: =I13*D13 -> 0 | AB13: =J13*D13 -> 0 | AC13: =K13*D13 -> 0 | AD13: =L13*D13 -> 0 | AE13: =M13*D13 -> 0 | AF13: =N13*D13 -> 0 | AG13: =O13*D13 -> 0.0031202956 | AH13: =P13*D13 -> 0 | AI13: =Q13*D13 -> 0 | AJ13: =R13*D13 -> 0 | AK13: =D13*S13 -> 0 | AL13: =T13*D13 -> 0.0031202956 | AM13: =V13*D13 -> 0.0031202956 | AN13: =D13*W13 -> 0 | AO13: =$D13*X13 -> 0 | AP13: =$D13*Y13 -> 0 | AT13: sumLPS: | AU13: =AA59 -> 0.001033446 | AV13: =AB59 -> 0.00036438082 | AW13: =AC59 -> 0 | AX13: =AD59 -> 0.00072876165 | AY13: =AE59 -> 0 | AZ13: =AF59 -> 0.0051013315 | BA13: =AG59 -> 0 | BB13: =AH59 -> 0 | ... BJ13: =AP59 -> 0 | BN13: =BM13*24*(1/(10^6)) -> 0
A14: glycine | B14: 75.07 | C14: 2.9 | D14: =(C14/100)*24*(1/B14) -> 0.0092713467 | E14: =((F14*B14*(10^(-6)))/1)*100 -> 4.369074 | F14: 582 | L14: 1 | R14: -1 | S14: 0 | T14: 1 | W14: -1 | AA14: =I14*D14 -> 0 | AB14: =J14*D14 -> 0 | AC14: =K14*D14 -> 0 | AD14: =L14*D14 -> 0.0092713467 | AE14: =M14*D14 -> 0 | AF14: =N14*D14 -> 0 | AG14: =O14*D14 -> 0 | AH14: =P14*D14 -> 0 | AI14: =Q14*D14 -> 0 | AJ14: =R14*D14 -> -0.0092713467 | AK14: =D14*S14 -> 0 | AL14: =T14*D14 -> 0.0092713467 | AM14: =V14*D14 -> 0 | AN14: =D14*W14 -> -0.0092713467 | AO14: =$D14*X14 -> 0 | AP14: =$D14*Y14 -> 0 | AT14: sumPpGl: | AU14: =AA67 -> 0.00080122409 | AV14: =AB67 -> 0 | AW14: =AC67 -> 0 | AX14: =AD67 -> 0.00040061205 | AY14: =AE67 -> 0.0012018361 | AZ14: =AF67 -> 0.00080122409 | BA14: =AG67 -> 0.00040061205 | BB14: =AH67 -> 0.00040061205 | ... BJ14: =AP67 -> 0 | BM14: 138 | BN14: =BM14*24*(1/(10^6)) -> 0.003312
A15: histidine | B15: 155.15 | C15: 1.4 | D15: =(C15/100)*24*(1/B15) -> 0.0021656461 | E15: =((F15*B15*(10^(-6)))/1)*100 -> 1.39635 | F15: 90 | J15: 1 | Q15: 4 | R15: -3 | S15: 0 | T15: 1 | V15: 2 | W15: 1 | AA15: =I15*D15 -> 0 | AB15: =J15*D15 -> 0.0021656461 | AC15: =K15*D15 -> 0 | AD15: =L15*D15 -> 0 | AE15: =M15*D15 -> 0 | AF15: =N15*D15 -> 0 | AG15: =O15*D15 -> 0 | AH15: =P15*D15 -> 0 | AI15: =Q15*D15 -> 0.0086625846 | AJ15: =R15*D15 -> -0.0064969384 | AK15: =D15*S15 -> 0 | AL15: =T15*D15 -> 0.0021656461 | AM15: =V15*D15 -> 0.0043312923 | AN15: =D15*W15 -> 0.0021656461 | AO15: =$D15*X15 -> 0 | AP15: =$D15*Y15 -> 0 | AT15: sumPSch | AU15: =AA71 -> 0 | AV15: =AB71 -> 0 | AW15: =AC71 -> 0 | AX15: =AD71 -> 0 | AY15: =AE71 -> 0 | AZ15: =AF71 -> 0 | BA15: =AG71 -> 0 | BB15: =AH71 -> 0 | ... BJ15: =AP71 -> 0 | BN15: =BM15*24*(1/(10^6)) -> 0
A16: isoleucine | B16: 131.17 | C16: 2.9 | D16: =(C16/100)*24*(1/B16) -> 0.0053060913 | E16: =((F16*B16*(10^(-6)))/1)*100 -> 3.620292 | F16: 276 | M16: 1 | P16: 1 | Q16: 2 | S16: 4 | T16: 1 | W16: -1 | AA16: =I16*D16 -> 0 | AB16: =J16*D16 -> 0 | AC16: =K16*D16 -> 0 | AD16: =L16*D16 -> 0 | AE16: =M16*D16 -> 0.0053060913 | AF16: =N16*D16 -> 0 | AG16: =O16*D16 -> 0 | AH16: =P16*D16 -> 0.0053060913 | AI16: =Q16*D16 -> 0.010612183 | AJ16: =R16*D16 -> 0 | AK16: =D16*S16 -> 0.021224365 | AL16: =T16*D16 -> 0.0053060913 | AM16: =V16*D16 -> 0 | AN16: =D16*W16 -> -0.0053060913 | AO16: =$D16*X16 -> 0 | AP16: =$D16*Y16 -> 0 | AT16: sumCU | AU16: =AA75 -> 0 | AV16: =AB75 -> 0 | AW16: =AC75 -> 0 | AX16: =AD75 -> 0.0015986297 | AY16: =AE75 -> 0 | AZ16: =AF75 -> 0 | BA16: =AG75 -> 0 | BB16: =AH75 -> 0 | ... BJ16: =AP75 -> 0 | BN16: =BM16*24*(1/(10^6)) -> 0
A17: leucine | B17: 131.17 | C17: 5.4 | D17: =(C17/100)*24*(1/B17) -> 0.009880308 | E17: =((F17*B17*(10^(-6)))/1)*100 -> 5.614076 | F17: 428 | M17: 2 | N17: 1 | R17: -1 | S17: 1 | T17: 1 | AA17: =I17*D17 -> 0 | AB17: =J17*D17 -> 0 | AC17: =K17*D17 -> 0 | AD17: =L17*D17 -> 0 | AE17: =M17*D17 -> 0.019760616 | AF17: =N17*D17 -> 0.009880308 | AG17: =O17*D17 -> 0 | AH17: =P17*D17 -> 0 | AI17: =Q17*D17 -> 0 | AJ17: =R17*D17 -> -0.009880308 | AK17: =D17*S17 -> 0.009880308 | AL17: =T17*D17 -> 0.009880308 | AM17: =V17*D17 -> 0 | AN17: =D17*W17 -> 0 | AO17: =$D17*X17 -> 0 | AP17: =$D17*Y17 -> 0 | AT17: sumPA: | AU17: =AA79 -> 0 | AV17: =AB79 -> 0 | AW17: =AC79 -> 0 | AX17: =AD79 -> 0 | AY17: =AE79 -> 0 | AZ17: =AF79 -> 0 | BA17: =AG79 -> 0 | BB17: =AH79 -> 0 | ... BJ17: =AP79 -> 0.00072088308 | BN17: =BM17*24*(1/(10^6)) -> 0
A18: lysine | B18: 146.19 | C18: 2.5 | D18: =(C18/100)*24*(1/B18) -> 0.0041042479 | E18: =((F18*B18*(10^(-6)))/1)*100 -> 4.765794 | F18: 326 | M18: 1 | P18: 1 | Q18: 2 | S18: 2 | T18: 2 | AA18: =I18*D18 -> 0 | AB18: =J18*D18 -> 0 | AC18: =K18*D18 -> 0 | AD18: =L18*D18 -> 0 | AE18: =M18*D18 -> 0.0041042479 | AF18: =N18*D18 -> 0 | AG18: =O18*D18 -> 0 | AH18: =P18*D18 -> 0.0041042479 | AI18: =Q18*D18 -> 0.0082084958 | AJ18: =R18*D18 -> 0 | AK18: =D18*S18 -> 0.0082084958 | AL18: =T18*D18 -> 0.0082084958 | AM18: =V18*D18 -> 0 | AN18: =D18*W18 -> 0 | AO18: =$D18*X18 -> 0 | AP18: =$D18*Y18 -> 0 | BM18: =BM9+BM10+BM11+BM12+BM14 -> 22802 | BN18: =BM18*24*(1/(10^6)) -> 0.547248
A19: methionine | B19: 149.21 | C19: 1.3 | D19: =(C19/100)*24*(1/B19) -> 0.0020910127 | E19: =((F19*B19*(10^(-6)))/1)*100 -> 2.178466 | F19: 146 | P19: 1 | Q19: 7 | S19: 7 | T19: 1 | W19: 1 | AA19: =I19*D19 -> 0 | AB19: =J19*D19 -> 0 | AC19: =K19*D19 -> 0 | AD19: =L19*D19 -> 0 | AE19: =M19*D19 -> 0 | AF19: =N19*D19 -> 0 | AG19: =O19*D19 -> 0 | AH19: =P19*D19 -> 0.0020910127 | AI19: =Q19*D19 -> 0.014637089 | AJ19: =R19*D19 -> 0 | AK19: =D19*S19 -> 0.014637089 | AL19: =T19*D19 -> 0.0020910127 | AM19: =V19*D19 -> 0 | AN19: =D19*W19 -> 0.0020910127 | AO19: =$D19*X19 -> 0 | AP19: =$D19*Y19 -> 0 | AT19: Sum | AU19: =AU9+AU10+AU11+AU12+AU13+AU14+AU15+AU16+AU17 -> 0.0018346701 | AV19: =AV9+AV10+AV11+AV12+AV13+AV14+AV15+AV16+AV17 -> 0.01512065 | AW19: =AW9+AW10+AW11+AW12+AW13+AW14+AW15+AW16+AW17 -> 0.0082726577 | AX19: =AX9+AX10+AX11+AX12+AX13+AX14+AX15+AX16+AX17 -> 0.044829591 | AY19: =AY9+AY10+AY11+AY12+AY13+AY14+AY15+AY16+AY17 -> 0.059013522 | AZ19: =AZ9+AZ10+AZ11+AZ12+AZ13+AZ14+AZ15+AZ16+AZ17 -> 0.060100413 | BA19: =BA9+BA10+BA11+BA12+BA13+BA14+BA15+BA16+BA17 -> 0.021932066 | BB19: =BB9+BB10+BB11+BB12+BB13+BB14+BB15+BB16+BB17 -> 0.032176075 | ... BH19: =BH9+BH10+BH11+BH12+BH13+BH14+BH15+BH16+BH17 -> -0.0048954815 | BI19: =SUM(BI9:BI17) -> 0.0031914894 | BJ19: =SUM(BJ9:BJ17) -> 0.00072088308 | BM19: =BM18+BC19 -> 22802.251 | BN19: =BM19*24*(1/(10^6)) -> 0.54725404
A20: phenylalanine | B20: 165.19 | C20: 2.9 | D20: =(C20/100)*24*(1/B20) -> 0.0042133301 | E20: =((F20*B20*(10^(-6)))/1)*100 -> 2.907344 | F20: 176 | K20: 1 | L20: 2 | Q20: 1 | S20: 1 | T20: 1 | AA20: =I20*D20 -> 0 | AB20: =J20*D20 -> 0 | AC20: =K20*D20 -> 0.0042133301 | AD20: =L20*D20 -> 0.0084266602 | AE20: =M20*D20 -> 0 | AF20: =N20*D20 -> 0 | AG20: =O20*D20 -> 0 | AH20: =P20*D20 -> 0 | AI20: =Q20*D20 -> 0.0042133301 | AJ20: =R20*D20 -> 0 | AK20: =D20*S20 -> 0.0042133301 | AL20: =T20*D20 -> 0.0042133301 | AM20: =V20*D20 -> 0 | AN20: =D20*W20 -> 0 | AO20: =$D20*X20 -> 0 | AP20: =$D20*Y20 -> 0 | AT20: Sum | AU20: =AU19/($BN$19/100) -> 0.33525018 | AV20: =AV19/($BN$19/100) -> 2.7630039 | AW20: =AW19/($BN$19/100) -> 1.5116668 | AX20: =AX19/($BN$19/100) -> 8.1917332 | AY20: =AY19/($BN$19/100) -> 10.78357 | AZ20: =AZ19/($BN$19/100) -> 10.982178 | BA20: =BA19/($BN$19/100) -> 4.0076572 | BB20: =BB19/($BN$19/100) -> 5.8795501 | ... BJ20: =BJ19/($BN$19/100) -> 0.13172732 | BM20: =BM19/(BM19/100) -> 100 | BN20: =BN19/(BN19/100) -> 100
A21: proline | B21: 115.13 | C21: 2.5 | D21: =(C21/100)*24*(1/B21) -> 0.0052115 | E21: =((F21*B21*(10^(-6)))/1)*100 -> 2.41773 | F21: 210 | O21: 1 | Q21: 1 | S21: 2 | T21: 1 | AA21: =I21*D21 -> 0 | AB21: =J21*D21 -> 0 | AC21: =K21*D21 -> 0 | AD21: =L21*D21 -> 0 | AE21: =M21*D21 -> 0 | AF21: =N21*D21 -> 0 | AG21: =O21*D21 -> 0.0052115 | AH21: =P21*D21 -> 0 | AI21: =Q21*D21 -> 0.0052115 | AJ21: =R21*D21 -> 0 | AK21: =D21*S21 -> 0.010423 | AL21: =T21*D21 -> 0.0052115 | AM21: =V21*D21 -> 0 | AN21: =D21*W21 -> 0 | AO21: =$D21*X21 -> 0 | AP21: =$D21*Y21 -> 0
A22: serine | B22: 105.09 | C22: 2.6 | D22: =(C22/100)*24*(1/B22) -> 0.0059377676 | E22: =((F22*B22*(10^(-6)))/1)*100 -> 2.154345 | F22: 205 | L22: 1 | R22: -1 | S22: 0 | T22: 1 | AA22: =I22*D22 -> 0 | AB22: =J22*D22 -> 0 | AC22: =K22*D22 -> 0 | AD22: =L22*D22 -> 0.0059377676 | AE22: =M22*D22 -> 0 | AF22: =N22*D22 -> 0 | AG22: =O22*D22 -> 0 | AH22: =P22*D22 -> 0 | AI22: =Q22*D22 -> 0 | AJ22: =R22*D22 -> -0.0059377676 | AK22: =D22*S22 -> 0 | AL22: =T22*D22 -> 0.0059377676 | AM22: =V22*D22 -> 0 | AN22: =D22*W22 -> 0 | AO22: =$D22*X22 -> 0 | AP22: =$D22*Y22 -> 0
A23: threonine | B23: 119.12 | C23: 2.9 | D23: =(C23/100)*24*(1/B23) -> 0.0058428475 | E23: =((F23*B23*(10^(-6)))/1)*100 -> 2.870792 | F23: 241 | P23: 1 | Q23: 2 | S23: 2 | T23: 1 | AA23: =I23*D23 -> 0 | AB23: =J23*D23 -> 0 | AC23: =K23*D23 -> 0 | AD23: =L23*D23 -> 0 | AE23: =M23*D23 -> 0 | AF23: =N23*D23 -> 0 | AG23: =O23*D23 -> 0 | AH23: =P23*D23 -> 0.0058428475 | AI23: =Q23*D23 -> 0.011685695 | AJ23: =R23*D23 -> 0 | AK23: =D23*S23 -> 0.011685695 | AL23: =T23*D23 -> 0.0058428475 | AM23: =V23*D23 -> 0 | AN23: =D23*W23 -> 0 | AO23: =$D23*X23 -> 0 | AP23: =$D23*Y23 -> 0
A24: tryptophan | B24: 204.23 | C24: 1.2 | D24: =(C24/100)*24*(1/B24) -> 0.0014101748 | E24: =((F24*B24*(10^(-6)))/1)*100 -> 1.102842 | F24: 54 | J24: 1 | K24: 1 | L24: 1 | Q24: 4 | R24: -2 | S24: 2 | T24: 1 | V24: 1 | AA24: =I24*D24 -> 0 | AB24: =J24*D24 -> 0.0014101748 | AC24: =K24*D24 -> 0.0014101748 | AD24: =L24*D24 -> 0.0014101748 | AE24: =M24*D24 -> 0 | AF24: =N24*D24 -> 0 | AG24: =O24*D24 -> 0 | AH24: =P24*D24 -> 0 | AI24: =Q24*D24 -> 0.0056406992 | AJ24: =R24*D24 -> -0.0028203496 | AK24: =D24*S24 -> 0.0028203496 | AL24: =T24*D24 -> 0.0014101748 | AM24: =V24*D24 -> 0.0014101748 | AN24: =D24*W24 -> 0 | AO24: =$D24*X24 -> 0 | AP24: =$D24*Y24 -> 0
A25: tyrosine | B25: 181.19 | C25: 2 | D25: =(C25/100)*24*(1/B25) -> 0.0026491528 | E25: =((F25*B25*(10^(-6)))/1)*100 -> 2.373589 | F25: 131 | K25: 1 | L25: 2 | Q25: 1 | R25: -1 | S25: 1 | T25: 1 | AA25: =I25*D25 -> 0 | AB25: =J25*D25 -> 0 | AC25: =K25*D25 -> 0.0026491528 | AD25: =L25*D25 -> 0.0052983056 | AE25: =M25*D25 -> 0 | AF25: =N25*D25 -> 0 | AG25: =O25*D25 -> 0 | AH25: =P25*D25 -> 0 | AI25: =Q25*D25 -> 0.0026491528 | AJ25: =R25*D25 -> -0.0026491528 | AK25: =D25*S25 -> 0.0026491528 | AL25: =T25*D25 -> 0.0026491528 | AM25: =V25*D25 -> 0 | AN25: =D25*W25 -> 0 | AO25: =$D25*X25 -> 0 | AP25: =$D25*Y25 -> 0
A26: valine | B26: 117.151 | C26: 3.9 | D26: =(C26/100)*24*(1/B26) -> 0.0079896885 | E26: =((F26*B26*(10^(-6)))/1)*100 -> 4.7094702 | F26: 402 | M26: 2 | S26: 1 | T26: 1 | AA26: =I26*D26 -> 0 | AB26: =J26*D26 -> 0 | AC26: =K26*D26 -> 0 | AD26: =L26*D26 -> 0 | AE26: =M26*D26 -> 0.015979377 | AF26: =N26*D26 -> 0 | AG26: =O26*D26 -> 0 | AH26: =P26*D26 -> 0 | AI26: =Q26*D26 -> 0 | AJ26: =R26*D26 -> 0 | AK26: =D26*S26 -> 0.0079896885 | AL26: =T26*D26 -> 0.0079896885 | AM26: =V26*D26 -> 0 | AN26: =D26*W26 -> 0 | AO26: =$D26*X26 -> 0 | AP26: =$D26*Y26 -> 0
A27: percent sum | B27: protein estimated at 55.1.% | C27: =SUM(C7:C26) -> 55.1 | E27: =SUM(E7:E26) -> 64.182385 | F27: =F7+F8+F9+F10+F11+F12+F13+F14+F15+F16+F17+F18+F19+F20+F21+F22+F23+F24+F25+F26 -> 5081
Z28: sumProt: | AA28: =AA7+AA8+AA9+AA10+AA11+AA12+AA13+AA14+AA15+AA16+AA17+AA18+AA19+AA20+AA21+AA22+AA23+AA24+AA25+AA26 -> 0 | AB28: =AB7+AB8+AB9+AB10+AB11+AB12+AB13+AB14+AB15+AB16+AB17+AB18+AB19+AB20+AB21+AB22+AB23+AB24+AB25+AB26 -> 0.003575821 | AC28: =AC7+AC8+AC9+AC10+AC11+AC12+AC13+AC14+AC15+AC16+AC17+AC18+AC19+AC20+AC21+AC22+AC23+AC24+AC25+AC26 -> 0.0082726577 | AD28: =AD7+AD8+AD9+AD10+AD11+AD12+AD13+AD14+AD15+AD16+AD17+AD18+AD19+AD20+AD21+AD22+AD23+AD24+AD25+AD26 -> 0.031136596 | AE28: =AE7+AE8+AE9+AE10+AE11+AE12+AE13+AE14+AE15+AE16+AE17+AE18+AE19+AE20+AE21+AE22+AE23+AE24+AE25+AE26 -> 0.057811686 | AF28: =AF7+AF8+AF9+AF10+AF11+AF12+AF13+AF14+AF15+AF16+AF17+AF18+AF19+AF20+AF21+AF22+AF23+AF24+AF25+AF26 -> 0.009880308 | AG28: =AG7+AG8+AG9+AG10+AG11+AG12+AG13+AG14+AG15+AG16+AG17+AG18+AG19+AG20+AG21+AG22+AG23+AG24+AG25+AG26 -> 0.021531454 | AH28: =AH7+AH8+AH9+AH10+AH11+AH12+AH13+AH14+AH15+AH16+AH17+AH18+AH19+AH20+AH21+AH22+AH23+AH24+AH25+AH26 -> 0.026020312 | ... AN28: =AN7+AN8+AN9+AN10+AN11+AN12+AN13+AN14+AN15+AN16+AN17+AN18+AN19+AN20+AN21+AN22+AN23+AN24+AN25+AN26 -> -0.010320779 | AO28: =SUM(AO7:AO26) -> 0 | AP28: =SUM(AP7:AP26) -> 0
A29: RNA
A31: ATP | B31: 503.15 | D31: =($C$35/100)*24*(1/$B$35)*G31 -> 0.0023295872 | E31: =((F31*B31*(10^(-6)))/1)*100 -> 8.301975 | F31: 165 | G31: =339/1410 -> 0.24042553 | J31: 1 | L31: 1 | Q31: 7 | R31: -3 | S31: 0 | T31: 1 | V31: 4 | W31: 1 | AA31: =D31*I31 -> 0 | AB31: =D31*J31 -> 0.0023295872 | AC31: =D31*K31 -> 0 | AD31: =D31*L31 -> 0.0023295872 | AE31: =D31*M31 -> 0 | AF31: =D31*N31 -> 0 | AG31: =D31*O31 -> 0 | AH31: =D31*P31 -> 0 | AI31: =D31*Q31 -> 0.01630711 | AJ31: =D31*R31 -> -0.0069887616 | AK31: =D31*S31 -> 0 | AL31: =D31*T31 -> 0.0023295872 | AM31: =D31*V31 -> 0.0093183488 | AN31: =D31*W31 -> 0.0023295872 | AO31: =$D31*X31 -> 0 | AP31: =$D31*Y31 -> 0
A32: GTP | B32: 519.15 | D32: =($C$35/100)*24*(1/$B$35)*G32 -> 0.002350203 | E32: =((F32*B32*(10^(-6)))/1)*100 -> 10.538745 | F32: 203 | G32: =342/1410 -> 0.24255319 | J32: 1 | L32: 1 | Q32: 8 | R32: -3 | S32: 0 | V32: 5 | W32: 1 | AA32: =D32*I32 -> 0 | AB32: =D32*J32 -> 0.002350203 | AC32: =D32*K32 -> 0 | AD32: =D32*L32 -> 0.002350203 | AE32: =D32*M32 -> 0 | AF32: =D32*N32 -> 0 | AG32: =D32*O32 -> 0 | AH32: =D32*P32 -> 0 | AI32: =D32*Q32 -> 0.018801624 | AJ32: =D32*R32 -> -0.007050609 | AK32: =D32*S32 -> 0 | AL32: =D32*T32 -> 0 | AM32: =D32*V32 -> 0.011751015 | AN32: =D32*W32 -> 0.002350203 | AO32: =$D32*X32 -> 0 | AP32: =$D32*Y32 -> 0
A33: CTP | B33: 479.13 | D33: =($C$35/100)*24*(1/$B$35)*G33 -> 0.003133604 | E33: =((F33*B33*(10^(-6)))/1)*100 -> 6.037038 | F33: 126 | G33: =456/1410 -> 0.32340426 | J33: 1 | P33: 1 | Q33: 7 | R33: 0 | S33: 0 | T33: 1 | V33: 2 | AA33: =D33*I33 -> 0 | AB33: =D33*J33 -> 0.003133604 | AC33: =D33*K33 -> 0 | AD33: =D33*L33 -> 0 | AE33: =D33*M33 -> 0 | AF33: =D33*N33 -> 0 | AG33: =D33*O33 -> 0 | AH33: =D33*P33 -> 0.003133604 | AI33: =D33*Q33 -> 0.021935228 | AJ33: =D33*R33 -> 0 | AK33: =D33*S33 -> 0 | AL33: =D33*T33 -> 0.003133604 | AM33: =D33*V33 -> 0.006267208 | AN33: =D33*W33 -> 0 | AO33: =$D33*X33 -> 0 | AP33: =$D33*Y33 -> 0
A34: UTP | B34: 480.11 | D34: =($C$35/100)*24*(1/$B$35)*G34 -> 0.0018760392 | E34: =((F34*B34*(10^(-6)))/1)*100 -> 6.529496 | F34: 136 | G34: =273/1410 -> 0.19361702 | J34: 1 | P34: 1 | Q34: 6 | S34: 0 | T34: 1 | V34: 1 | AA34: =D34*I34 -> 0 | AB34: =D34*J34 -> 0.0018760392 | AC34: =D34*K34 -> 0 | AD34: =D34*L34 -> 0 | AE34: =D34*M34 -> 0 | AF34: =D34*N34 -> 0 | AG34: =D34*O34 -> 0 | AH34: =D34*P34 -> 0.0018760392 | AI34: =D34*Q34 -> 0.011256235 | AJ34: =D34*R34 -> 0 | AK34: =D34*S34 -> 0 | AL34: =D34*T34 -> 0.0018760392 | AM34: =D34*V34 -> 0.0018760392 | AN34: =D34*W34 -> 0 | AO34: =$D34*X34 -> 0 | AP34: =$D34*Y34 -> 0
A35: average molecular weight | B35: =SUM(B31:B34)/4 -> 495.385 | C35: 20 | D35: sum | F35: =F31+F32+F33+F34 -> 630 | G35: =SUM(G31:G34) -> 1
A36: DNA | Z36: sumRNA: | AA36: =AA31+AA32+AA33+AA34 -> 0 | AB36: =AB31+AB32+AB33+AB34 -> 0.0096894335 | AC36: =AC31+AC32+AC33+AC34 -> 0 | AD36: =AD31+AD32+AD33+AD34 -> 0.0046797902 | AE36: =AE31+AE32+AE33+AE34 -> 0 | AF36: =AF31+AF32+AF33+AF34 -> 0 | AG36: =AG31+AG32+AG33+AG34 -> 0 | AH36: =AH31+AH32+AH33+AH34 -> 0.0050096433 | ... AN36: =AN31+AN32+AN33+AN34 -> 0.0046797902 | AO36: =SUM(AO31:AO34) -> 0 | AP36: =SUM(AP31:AP34) -> 0
A38: dATP | B38: 487.15 | D38: =($C$42/100)*24*(1/$B$42)*G38 -> 0.00025526178 | E38: =((G38*B38*(10^(-6)))/1)*100 -> 0.008340008 | F38: 24.7 | G38: =0.5*(100-65.76)/100 -> 0.1712 | J38: 1 | L38: 1 | Q38: 7 | R38: -3 | S38: 1 | T38: 1 | V38: 4 | W38: 1 | AA38: =$D38*I38 -> 0 | AB38: =$D38*J38 -> 0.00025526178 | AC38: =$D38*K38 -> 0 | AD38: =$D38*L38 -> 0.00025526178 | AE38: =$D38*M38 -> 0 | AF38: =$D38*N38 -> 0 | AG38: =$D38*O38 -> 0 | AH38: =$D38*P38 -> 0 | ... AL38: =$D38*T38 -> 0.00025526178 | AM38: =$D38*V38 -> 0.0010210471 | AN38: =$D38*W38 -> 0.00025526178 | AO38: =$D38*X38 -> 0 | AP38: =$D38*Y38 -> 0
A39: dGTP | B39: 503.15 | D39: =($C$42/100)*24*(1/$B$42)*G39 -> 0.00049024576 | E39: =((G39*B39*(10^(-6)))/1)*100 -> 0.016543572 | F39: 25.4 | G39: =65.76/2/100 -> 0.3288 | J39: 1 | L39: 1 | Q39: 7 | R39: -3 | S39: 1 | V39: 5 | W39: 1 | AA39: =D39*I39 -> 0 | AB39: =$D39*J39 -> 0.00049024576 | AC39: =$D39*K39 -> 0 | AD39: =$D39*L39 -> 0.00049024576 | AE39: =$D39*M39 -> 0 | AF39: =$D39*N39 -> 0 | AG39: =$D39*O39 -> 0 | AH39: =$D39*P39 -> 0 | AI39: =$D39*Q39 -> 0.0034317203 | ... AL39: =$D39*T39 -> 0 | AM39: =$D39*V39 -> 0.0024512288 | AN39: =$D39*W39 -> 0.00049024576 | AO39: =$D39*X39 -> 0 | AP39: =$D39*Y39 -> 0
A40: dCTP | B40: 463.13 | D40: =($C$42/100)*24*(1/$B$42)*G40 -> 0.00049024576 | E40: =((G40*B40*(10^(-6)))/1)*100 -> 0.015227714 | F40: 25.4 | G40: =65.76/2/100 -> 0.3288 | J40: 1 | P40: 1 | Q40: 7 | R40: 0 | S40: 1 | T40: 1 | V40: 2 | AA40: =D40*I40 -> 0 | AB40: =$D40*J40 -> 0.00049024576 | AC40: =$D40*K40 -> 0 | AD40: =$D40*L40 -> 0 | AE40: =$D40*M40 -> 0 | AF40: =$D40*N40 -> 0 | AG40: =$D40*O40 -> 0 | AH40: =$D40*P40 -> 0.00049024576 | AI40: =$D40*Q40 -> 0.0034317203 | ... AL40: =$D40*T40 -> 0.00049024576 | AM40: =$D40*V40 -> 0.00098049152 | AN40: =$D40*W40 -> 0 | AO40: =$D40*X40 -> 0 | AP40: =$D40*Y40 -> 0
A41: dTTP | B41: 478.14 | D41: =($C$42/100)*24*(1/$B$42)*G41 -> 0.00025526178 | E41: =((G41*B41*(10^(-6)))/1)*100 -> 0.0081857568 | F41: 24.7 | G41: =0.5*(100-65.76)/100 -> 0.1712 | J41: 1 | P41: 1 | Q41: 9.5 | S41: 2 | T41: 1 | V41: 1 | AA41: =D41*I41 -> 0 | AB41: =$D41*J41 -> 0.00025526178 | AC41: =$D41*K41 -> 0 | AD41: =$D41*L41 -> 0 | AE41: =$D41*M41 -> 0 | AF41: =$D41*N41 -> 0 | AG41: =$D41*O41 -> 0 | AH41: =$D41*P41 -> 0.00025526178 | AI41: =$D41*Q41 -> 0.0024249869 | ... AL41: =$D41*T41 -> 0.00025526178 | AM41: =$D41*V41 -> 0.00025526178 | AN41: =$D41*W41 -> 0 | AO41: =$D41*X41 -> 0 | AP41: =$D41*Y41 -> 0
A42: average molecular weight | B42: =SUM(B38:B41)/4 -> 482.8925 | C42: 3 | D42: sum | F42: =F38+F39+F40+F41 -> 100.2 | G42: =G38+G39+G40+G41 -> 1
A43: Lipid | Z43: sumDNA: | AA43: =AA38+AA39+AA40+AA41 -> 0 | AB43: =AB38+AB39+AB40+AB41 -> 0.0014910151 | AC43: =AC38+AC39+AC40+AC41 -> 0 | AD43: =AD38+AD39+AD40+AD41 -> 0.00074550754 | AE43: =AE38+AE39+AE40+AE41 -> 0 | AF43: =AF38+AF39+AF40+AF41 -> 0 | AG43: =AG38+AG39+AG40+AG41 -> 0 | AH43: =AH38+AH39+AH40+AH41 -> 0.00074550754 | ... AN43: =AN38+AN39+AN40+AN41 -> 0.00074550754 | AO43: =SUM(AO38:AO41) -> 0 | AP43: =SUM(AP38:AP41) -> 0
A45: Glycerol phosphate | B45: 170.06 | D45: =(E45/$E$48)*($C$48/100)*24*(1/B45) -> 0.0027698468 | E45: =((F45*B45*(10^(-6)))/1)*100 -> 2.193774 | F45: 129 | L45: 1 | Q45: 0 | R45: 0 | S45: 1 | AA45: =$D45*I45 -> 0 | AB45: =$D45*J45 -> 0 | AC45: =$D45*K45 -> 0 | AD45: =$D45*L45 -> 0.0027698468 | AE45: =$D45*M45 -> 0 | AF45: =$D45*N45 -> 0 | AG45: =$D45*O45 -> 0 | AH45: =$D45*P45 -> 0 | ... AL45: =$D45*T45 -> 0 | AM45: =$D45*V45 -> 0 | AN45: =$D45*W45 -> 0 | AO45: =$D45*X45 -> 0 | AP45: =$D45*Y45 -> 0
A46: Serine | B46: 105.09 | D46: =(E46/$E$48)*($C$48/100)*24*(1/B46) -> 0.0027698468 | E46: =((F46*B46*(10^(-6)))/1)*100 -> 1.355661 | F46: 129 | L46: 1 | R46: -1 | S46: 0 | T46: 1 | AA46: =$D46*I46 -> 0 | AB46: =$D46*J46 -> 0 | AC46: =$D46*K46 -> 0 | AD46: =$D46*L46 -> 0.0027698468 | AE46: =$D46*M46 -> 0 | AF46: =$D46*N46 -> 0 | AG46: =$D46*O46 -> 0 | AH46: =$D46*P46 -> 0 | ... AL46: =$D46*T46 -> 0.0027698468 | AM46: =$D46*V46 -> 0 | AN46: =$D46*W46 -> 0 | AO46: =$D46*X46 -> 0 | AP46: =$D46*Y46 -> 0
A47: Average FA | B47: =0.43*255.42+0.33*253.4+0.24*281.46 -> 261.003 | D47: =(E47/$E$48)*($C$48/100)*24*(1/B47) -> 0.0055396936 | E47: =((F47*B47*(10^(-6)))/1)*100 -> 6.7338774 | F47: 258 | N47: 8 | Q47: 7 | S47: 14 | AA47: =$D47*I47 -> 0 | AB47: =$D47*J47 -> 0 | AC47: =$D47*K47 -> 0 | AD47: =$D47*L47 -> 0 | AE47: =$D47*M47 -> 0 | AF47: =$D47*N47 -> 0.044317549 | AG47: =$D47*O47 -> 0 | AH47: =$D47*P47 -> 0 | ... AL47: =$D47*T47 -> 0 | AM47: =$D47*V47 -> 0 | AN47: =$D47*W47 -> 0 | AO47: =$D47*X47 -> 0 | AP47: =$D47*Y47 -> 0
A48: percent cdw | C48: 9.2 | D48: sum | E48: =SUM(E45:E47) -> 10.283312 | F48: =F45+F46+F47 -> 516
A49: LPS Components | Z49: sumLipd: | AA49: =AA45+AA46+AA47 -> 0 | AB49: =AB45+AB46+AB47 -> 0 | AC49: =AC45+AC46+AC47 -> 0 | AD49: =AD45+AD46+AD47 -> 0.0055396936 | AE49: =AE45+AE46+AE47 -> 0 | AF49: =AF45+AF46+AF47 -> 0.044317549 | AG49: =AG45+AG46+AG47 -> 0 | AH49: =AH45+AH46+AH47 -> 0 | ... AN49: =AN45+AN46+AN47 -> 0 | AO49: =SUM(AO45:AO47) -> 0 | AP49: =SUM(AP45:AP47) -> 0
A51: UDP-glucose | B51: 564.29 | C51: =((F51/$F$58)*100)*0.04 -> 0.42175957 | D51: =(E51/$E$58)*($C$58/100)*24*(1/B51) -> 0.0002434374 | E51: =((F51*B51*(10^(-6)))/1)*100 -> 0.8859353 | F51: 15.7 | I51: 1 | Q51: 1 | AA51: =$D51*I51 -> 0.0002434374 | AB51: =$D51*J51 -> 0 | AC51: =$D51*K51 -> 0 | AD51: =$D51*L51 -> 0 | AE51: =$D51*M51 -> 0 | AF51: =$D51*N51 -> 0 | AG51: =$D51*O51 -> 0 | AH51: =$D51*P51 -> 0 | ... AL51: =$D51*T51 -> 0 | AM51: =$D51*V51 -> 0 | AN51: =$D51*W51 -> 0 | AO51: =$D51*X51 -> 0 | AP51: =$D51*Y51 -> 0
A52: CDP-ethanolamine | B52: 445.24 | C52: =((F52/$F$58)*100)*0.04 -> 0.63129617 | D52: =(E52/$E$58)*($C$58/100)*24*(1/B52) -> 0.00036438082 | E52: =((F52*B52*(10^(-6)))/1)*100 -> 1.046314 | F52: 23.5 | L52: 1 | Q52: 3 | R52: -1 | S52: 0 | T52: 1 | AA52: =$D52*I52 -> 0 | AB52: =$D52*J52 -> 0 | AC52: =$D52*K52 -> 0 | AD52: =$D52*L52 -> 0.00036438082 | AE52: =$D52*M52 -> 0 | AF52: =$D52*N52 -> 0 | AG52: =$D52*O52 -> 0 | AH52: =$D52*P52 -> 0 | ... AL52: =$D52*T52 -> 0.00036438082 | AM52: =$D52*V52 -> 0 | AN52: =$D52*W52 -> 0 | AO52: =$D52*X52 -> 0 | AP52: =$D52*Y52 -> 0
A53: OH-myristic acid | B53: 243.36 | C53: =((F53/$F$58)*100)*0.04 -> 0.63129617 | D53: =(E53/$E$58)*($C$58/100)*24*(1/B53) -> 0.00036438082 | E53: =((F53*B53*(10^(-6)))/1)*100 -> 0.571896 | F53: 23.5 | N53: 7 | Q53: 6 | S53: 11 | AA53: =$D53*I53 -> 0 | AB53: =$D53*J53 -> 0 | AC53: =$D53*K53 -> 0 | AD53: =$D53*L53 -> 0 | AE53: =$D53*M53 -> 0 | AF53: =$D53*N53 -> 0.0025506658 | AG53: =$D53*O53 -> 0 | AH53: =$D53*P53 -> 0 | ... AL53: =$D53*T53 -> 0 | AM53: =$D53*V53 -> 0 | AN53: =$D53*W53 -> 0 | AO53: =$D53*X53 -> 0 | AP53: =$D53*Y53 -> 0
A54: fatty acid (C14:0) (tetradecanoic acid) | B54: 227.37 | C54: =((F54/$F$58)*100)*0.04 -> 0.63129617 | D54: =(E54/$E$58)*($C$58/100)*24*(1/B54) -> 0.00036438082 | E54: =((F54*B54*(10^(-6)))/1)*100 -> 0.5343195 | F54: 23.5 | N54: 7 | Q54: 6 | S54: 12 | AA54: =$D54*I54 -> 0 | AB54: =$D54*J54 -> 0 | AC54: =$D54*K54 -> 0 | AD54: =$D54*L54 -> 0 | AE54: =$D54*M54 -> 0 | AF54: =$D54*N54 -> 0.0025506658 | AG54: =$D54*O54 -> 0 | AH54: =$D54*P54 -> 0 | ... AL54: =$D54*T54 -> 0 | AM54: =$D54*V54 -> 0 | AN54: =$D54*W54 -> 0 | AO54: =$D54*X54 -> 0 | AP54: =$D54*Y54 -> 0
A55: CMP | B55: 321.18 | C55: =((F55/$F$58)*100)*0.04 -> 0.63129617 | D55: =(E55/$E$58)*($C$58/100)*24*(1/B55) -> 0.00036438082 | E55: =((F55*B55*(10^(-6)))/1)*100 -> 0.754773 | F55: 23.5 | J55: 1 | L55: 1 | Q55: 2 | AA55: =$D55*I55 -> 0 | AB55: =$D55*J55 -> 0.00036438082 | AC55: =$D55*K55 -> 0 | AD55: =$D55*L55 -> 0.00036438082 | AE55: =$D55*M55 -> 0 | AF55: =$D55*N55 -> 0 | AG55: =$D55*O55 -> 0 | AH55: =$D55*P55 -> 0 | ... AL55: =$D55*T55 -> 0 | AM55: =$D55*V55 -> 0 | AN55: =$D55*W55 -> 0 | AO55: =$D55*X55 -> 0 | AP55: =$D55*Y55 -> 0
A56: NDP heptose (ADP-L-glycero-β-D-manno-heptose) | B56: 617.36 | C56: =((F56/$F$58)*100)*0.04 -> 0.63129617 | D56: =(E56/$E$58)*($C$58/100)*24*(1/B56) -> 0.00036438082 | E56: =((F56*B56*(10^(-6)))/1)*100 -> 1.450796 | F56: 23.5 | I56: 1.5 | Q56: 1 | S56: -4 | AA56: =$D56*I56 -> 0.00054657124 | AB56: =$D56*J56 -> 0 | AC56: =$D56*K56 -> 0 | AD56: =$D56*L56 -> 0 | AE56: =$D56*M56 -> 0 | AF56: =$D56*N56 -> 0 | AG56: =$D56*O56 -> 0 | AH56: =$D56*P56 -> 0 | ... AL56: =$D56*T56 -> 0 | AM56: =$D56*V56 -> 0 | AN56: =$D56*W56 -> 0 | AO56: =$D56*X56 -> 0 | AP56: =$D56*Y56 -> 0
A57: (TDP) glucosamine (dTDP-N-acetyl-α-D-glucosamine) | B57: 603.37 | C57: =((F57/$F$58)*100)*0.04 -> 0.42175957 | D57: =(E57/$E$58)*($C$58/100)*24*(1/B57) -> 0.0002434374 | E57: =((F57*B57*(10^(-6)))/1)*100 -> 0.9472909 | F57: 15.7 | I57: 1 | Q57: 1 | V57: 1 | AA57: =$D57*I57 -> 0.0002434374 | AB57: =$D57*J57 -> 0 | AC57: =$D57*K57 -> 0 | AD57: =$D57*L57 -> 0 | AE57: =$D57*M57 -> 0 | AF57: =$D57*N57 -> 0 | AG57: =$D57*O57 -> 0 | AH57: =$D57*P57 -> 0 | ... AL57: =$D57*T57 -> 0 | AM57: =$D57*V57 -> 0.0002434374 | AN57: =$D57*W57 -> 0 | AO57: =$D57*X57 -> 0 | AP57: =$D57*Y57 -> 0
A58: percent cdw | C58: 4 | E58: =SUM(E51:E57) -> 6.1913247 | F58: =F51+F52+F53+F54+F55+F56+F57 -> 148.9
A59: Pedtidoglycan monomers | Z59: sumLPS: | AA59: =AA51+AA52+AA53+AA54+AA55+AA56+AA57 -> 0.001033446 | AB59: =AB51+AB52+AB53+AB54+AB55+AB56+AB57 -> 0.00036438082 | AC59: =AC51+AC52+AC53+AC54+AC55+AC56+AC57 -> 0 | AD59: =AD51+AD52+AD53+AD54+AD55+AD56+AD57 -> 0.00072876165 | AE59: =AE51+AE52+AE53+AE54+AE55+AE56+AE57 -> 0 | AF59: =AF51+AF52+AF53+AF54+AF55+AF56+AF57 -> 0.0051013315 | AG59: =AG51+AG52+AG53+AG54+AG55+AG56+AG57 -> 0 | AH59: =AH51+AH52+AH53+AH54+AH55+AH56+AH57 -> 0 | ... AN59: =AN51+AN52+AN53+AN54+AN55+AN56+AN57 -> 0 | AO59: =SUM(AO51:AO57) -> 0 | AP59: =SUM(AP51:AP57) -> 0
A61: UDP-N-acetyl-α-D-glucosamine | B61: 605.34 | D61: =(E61/$E$66)*($C$66/100)*24*(1/B61) -> 0.00040061205 | E61: =((F61*B61*(10^(-6)))/1)*100 -> 1.6707384 | F61: 27.6 | I61: 1 | N61: 1 | Q61: 2 | V61: 1 | AA61: =$D61*I61 -> 0.00040061205 | AB61: =$D61*J61 -> 0 | AC61: =$D61*K61 -> 0 | AD61: =$D61*L61 -> 0 | AE61: =$D61*M61 -> 0 | AF61: =$D61*N61 -> 0.00040061205 | AG61: =$D61*O61 -> 0 | AH61: =$D61*P61 -> 0 | ... AL61: =$D61*T61 -> 0 | AM61: =$D61*V61 -> 0.00040061205 | AN61: =$D61*W61 -> 0 | AO61: =$D61*X61 -> 0 | AP61: =$D61*Y61 -> 0
A62: UDP-N-acetyl-α-D-muramate | B62: 676.4 | D62: =(E62/$E$66)*($C$66/100)*24*(1/B62) -> 0.00040061205 | E62: =((F62*B62*(10^(-6)))/1)*100 -> 1.866864 | F62: 27.6 | I62: 1 | L62: 1 | N62: 1 | Q62: 3 | S62: 1 | V62: 1 | AA62: =$D62*I62 -> 0.00040061205 | AB62: =$D62*J62 -> 0 | AC62: =$D62*K62 -> 0 | AD62: =$D62*L62 -> 0.00040061205 | AE62: =$D62*M62 -> 0 | AF62: =$D62*N62 -> 0.00040061205 | AG62: =$D62*O62 -> 0 | AH62: =$D62*P62 -> 0 | ... AL62: =$D62*T62 -> 0 | AM62: =$D62*V62 -> 0.00040061205 | AN62: =$D62*W62 -> 0 | AO62: =$D62*X62 -> 0 | AP62: =$D62*Y62 -> 0
A63: alanine | B63: 89.09 | D63: =(E63/$E$66)*($C$66/100)*24*(1/B63) -> 0.00080122409 | E63: =((F63*B63*(10^(-6)))/1)*100 -> 0.4917768 | F63: 55.2 | M63: 1 | S63: 0 | T63: 1 | AA63: =$D63*I63 -> 0 | AB63: =$D63*J63 -> 0 | AC63: =$D63*K63 -> 0 | AD63: =$D63*L63 -> 0 | AE63: =$D63*M63 -> 0.00080122409 | AF63: =$D63*N63 -> 0 | AG63: =$D63*O63 -> 0 | AH63: =$D63*P63 -> 0 | ... AL63: =$D63*T63 -> 0.00080122409 | AM63: =$D63*V63 -> 0 | AN63: =$D63*W63 -> 0 | AO63: =$D63*X63 -> 0 | AP63: =$D63*Y63 -> 0
A64: diaminopimelate | B64: 190.2 | D64: =(E64/$E$66)*($C$66/100)*24*(1/B64) -> 0.00040061205 | E64: =((F64*B64*(10^(-6)))/1)*100 -> 0.524952 | F64: 27.6 | M64: 1 | P64: 1 | Q64: 2 | S64: 1 | T64: 2 | AA64: =$D64*I64 -> 0 | AB64: =$D64*J64 -> 0 | AC64: =$D64*K64 -> 0 | AD64: =$D64*L64 -> 0 | AE64: =$D64*M64 -> 0.00040061205 | AF64: =$D64*N64 -> 0 | AG64: =$D64*O64 -> 0 | AH64: =$D64*P64 -> 0.00040061205 | ... AL64: =$D64*T64 -> 0.00080122409 | AM64: =$D64*V64 -> 0 | AN64: =$D64*W64 -> 0 | AO64: =$D64*X64 -> 0 | AP64: =$D64*Y64 -> 0
A65: glutamate | B65: 147.13 | D65: =(E65/$E$66)*($C$66/100)*24*(1/B65) -> 0.00040061205 | E65: =((F65*B65*(10^(-6)))/1)*100 -> 0.4060788 | F65: 27.6 | O65: 1 | S65: 0 | T65: 1 | AA65: =$D65*I65 -> 0 | AB65: =$D65*J65 -> 0 | AC65: =$D65*K65 -> 0 | AD65: =$D65*L65 -> 0 | AE65: =$D65*M65 -> 0 | AF65: =$D65*N65 -> 0 | AG65: =$D65*O65 -> 0.00040061205 | AH65: =$D65*P65 -> 0 | ... AL65: =$D65*T65 -> 0.00040061205 | AM65: =$D65*V65 -> 0 | AN65: =$D65*W65 -> 0 | AO65: =$D65*X65 -> 0 | AP65: =$D65*Y65 -> 0
A66: percent cdw | C66: 3 | D66: sum | E66: =SUM(E61:E65) -> 4.96041 | F66: =F61+F62+F63+F64+F65 -> 165.6
A67: PHB | Z67: sumPpGl: | AA67: =AA61+AA62+AA63+AA64+AA65 -> 0.00080122409 | AB67: =AB61+AB62+AB63+AB64+AB65 -> 0 | AC67: =AC61+AC62+AC63+AC64+AC65 -> 0 | AD67: =AD61+AD62+AD63+AD64+AD65 -> 0.00040061205 | AE67: =AE61+AE62+AE63+AE64+AE65 -> 0.0012018361 | AF67: =AF61+AF62+AF63+AF64+AF65 -> 0.00080122409 | AG67: =AG61+AG62+AG63+AG64+AG65 -> 0.00040061205 | AH67: =AH61+AH62+AH63+AH64+AH65 -> 0.00040061205 | ... AN67: =AN61+AN62+AN63+AN64+AN65 -> 0 | AO67: =SUM(AO61:AO65) -> 0 | AP67: =SUM(AP61:AP65) -> 0
A69: polyhydroxybutyrate_produced_ext | B69: 188 | C69: 0.025 | D69: =C69*24*(1/B69) -> 0.0031914894 | E69: =((F69*B69*(10^(-6)))/1)*100 -> 2.8952 | F69: 154 | X69: 1 | AA69: =$D69*I69 -> 0 | AB69: =$D69*J69 -> 0 | AC69: =$D69*K69 -> 0 | AD69: =$D69*L69 -> 0 | AE69: =$D69*M69 -> 0 | AF69: =$D69*N69 -> 0 | AG69: =$D69*O69 -> 0 | AH69: =$D69*P69 -> 0 | ... AL69: =$D69*T69 -> 0 | AM69: =$D69*V69 -> 0 | AN69: =$D69*W69 -> 0 | AO69: =$D69*X69 -> 0.0031914894 | AP69: =$D69*Y69 -> 0
C70: 2.5
A71: 1-Carbon | Z71: sumPSch | AA71: =AA69 -> 0 | AB71: =AB69 -> 0 | AC71: =AC69 -> 0 | AD71: =AD69 -> 0 | AE71: =AE69 -> 0 | AF71: =AF69 -> 0 | AG71: =AG69 -> 0 | AH71: =AH69 -> 0 | ... AP71: =AP69 -> 0
A73: serine | B73: 105.09 | D73: =(C74/100)*24*(1/B73) -> 0.0015986297 | F73: 48.5 | L73: 1 | R73: -1 | S73: 1 | AA73: =$D73*I73 -> 0 | AB73: =$D73*J73 -> 0 | AC73: =$D73*K73 -> 0 | AD73: =$D73*L73 -> 0.0015986297 | AE73: =$D73*M73 -> 0 | AF73: =$D73*N73 -> 0 | AG73: =$D73*O73 -> 0 | AH73: =$D73*P73 -> 0 | ... AL73: =$D73*T73 -> 0 | AM73: =$D73*V73 -> 0 | AN73: =$D73*W73 -> 0 | AO73: =$D73*X73 -> 0 | AP73: =$D73*Y73 -> 0
C74: 0.7
A75: polyamines | Z75: sumCU | AA75: =AA73 -> 0 | AB75: =AB73 -> 0 | AC75: =AC73 -> 0 | AD75: =AD73 -> 0.0015986297 | AE75: =AE73 -> 0 | AF75: =AF73 -> 0 | AG75: =AG73 -> 0 | AH75: =AH73 -> 0 | ... AP75: =AP73 -> 0
A77: L-ornithine | B77: 133.17 | D77: =(C78/100)*24*(1/B77) -> 0.00072088308 | F77: 59.3 | Y77: 1 | AA77: =$D77*I77 -> 0 | AB77: =$D77*J77 -> 0 | AC77: =$D77*K77 -> 0 | AD77: =$D77*L77 -> 0 | AE77: =$D77*M77 -> 0 | AF77: =$D77*N77 -> 0 | AG77: =$D77*O77 -> 0 | AH77: =$D77*P77 -> 0 | ... AL77: =$D77*T77 -> 0 | AM77: =$D77*V77 -> 0 | AN77: =$D77*W77 -> 0 | AO77: =$D77*X77 -> 0 | AP77: =$D77*Y77 -> 0.00072088308
C78: 0.4
Z79: sumPA: | AA79: =AA77 -> 0 | AB79: =AB77 -> 0 | AC79: =AC77 -> 0 | AD79: =AD77 -> 0 | AE79: =AE77 -> 0 | AF79: =AF77 -> 0 | AG79: =AG77 -> 0 | AH79: =AH77 -> 0 | ... AP79: =AP77 -> 0.00072088308
A80: total cell dry weight accounted for in the biomass term | C80: =SUM(C27+C35+C42+C48+C58+C66+C70+C74+C78) -> 97.9 | E80: =SUM(SUM(E61:E65)+E69+SUM(E51:E57)+SUM(E45:E47)+SUM(E38:E41)+SUM(E31:E34)+SUM(E7:E26)) -> 119.96818
C85: all values are in mol/mol and are scaled to 100 mol ATP / mol biomass

Sheet type II biomass calculations 
C3: ORIGINAL
C4: Compound name biomass sheet | D4: compound name in model | E4: mol compound in biomass term | F4: chemical formula | G4: charge | H4: C | I4: H | J4: N | K4: O | L4: P | M4: S | N4: E | P4: NO3- degree of reduction | Q4: NH4+ degree of reduction | R4: N2 degree of reduction
A5: left side of equation | C5: ='type II biomass composition'!$AA$6 -> glc-6-p | D5: D-glucopyranose_6-phosphate | E5: 0.33525018 | F5: C6H11O9P | G5: -2 | H5: 6 | I5: 11 | K5: 9 | L5: 1 | N5: =(4*H5)+(I5)+(-3*J5)+(-2*K5)+(5*L5)+(-2*M5)+(-1*G5) -> 24 | P5: =((4*(H5))+(I5)+(5*J5)+(-2*K5)+(5*L5)+(6*M5)+(-G5))/H5 -> 4 | Q5: =((4*(H5))+(I5)+(-3*J5)+(-2*K5)+(5*L5)+(6*M5)+(-G5))/H5 -> 4 | R5: =((4*(H5))+(I5)+(0*J5)+(-2*K5)+(5*L5)+(6*M5)+(-G5))/H5 -> 4
C6: ='type II biomass composition'!$AB$6 -> rib-5-p | D6: D-ribose_5-phosphate | E6: 2.7630039 | F6: C5H9O8P | G6: -2 | H6: 5 | I6: 9 | K6: 8 | L6: 1 | N6: =(4*H6)+(I6)+(-3*J6)+(-2*K6)+(5*L6)+(-2*M6)+(-1*G6) -> 20 | P6: =((4*(H6))+(I6)+(5*J6)+(-2*K6)+(5*L6)+(6*M6)+(-G6))/H6 -> 4 | Q6: =((4*(H6))+(I6)+(-3*J6)+(-2*K6)+(5*L6)+(6*M6)+(-G6))/H6 -> 4 | R6: =((4*(H6))+(I6)+(0*J6)+(-2*K6)+(5*L6)+(6*M6)+(-G6))/H6 -> 4
C7: ='type II biomass composition'!$AC$6 -> ery-4-p | D7: D-erythrose_4-phosphate | E7: 1.5116668 | F7: C4H7O7P | G7: -2 | H7: 4 | I7: 7 | K7: 7 | L7: 1 | N7: =(4*H7)+(I7)+(-3*J7)+(-2*K7)+(5*L7)+(-2*M7)+(-1*G7) -> 16 | P7: =((4*(H7))+(I7)+(5*J7)+(-2*K7)+(5*L7)+(6*M7)+(-G7))/H7 -> 4 | Q7: =((4*(H7))+(I7)+(-3*J7)+(-2*K7)+(5*L7)+(6*M7)+(-G7))/H7 -> 4 | R7: =((4*(H7))+(I7)+(0*J7)+(-2*K7)+(5*L7)+(6*M7)+(-G7))/H7 -> 4
C8: ='type II biomass composition'!$AD$6 -> pep | D8: phosphoenolpyruvate | E8: 8.1917332 | F8: C3H2O6P | G8: -3 | H8: 3 | I8: 2 | K8: 6 | L8: 1 | N8: 10 | P8: =((4*(H8))+(I8)+(5*J8)+(-2*K8)+(5*L8)+(6*M8)+(-G8))/H8 -> 3.3333333 | Q8: =((4*(H8))+(I8)+(-3*J8)+(-2*K8)+(5*L8)+(6*M8)+(-G8))/H8 -> 3.3333333 | R8: =((4*(H8))+(I8)+(0*J8)+(-2*K8)+(5*L8)+(6*M8)+(-G8))/H8 -> 3.3333333
C9: ='type II biomass composition'!$AE$6 -> pyr | D9: pyruvate | E9: 10.78357 | F9: C3H3O3 | G9: -1 | H9: 3 | I9: 3 | K9: 3 | N9: =(4*H9)+(I9)+(-3*J9)+(-2*K9)+(5*L9)+(-2*M9)+(-1*G9) -> 10 | P9: =((4*(H9))+(I9)+(5*J9)+(-2*K9)+(5*L9)+(6*M9)+(-G9))/H9 -> 3.3333333 | Q9: =((4*(H9))+(I9)+(-3*J9)+(-2*K9)+(5*L9)+(6*M9)+(-G9))/H9 -> 3.3333333 | R9: =((4*(H9))+(I9)+(0*J9)+(-2*K9)+(5*L9)+(6*M9)+(-G9))/H9 -> 3.3333333
C10: ='type II biomass composition'!$AF$6 -> ace-coa | D10: acetyl-CoA | E10: 10.982178 | F10: C23H34N7O17P3S | G10: -4 | H10: 23 | I10: 34 | J10: 7 | K10: 17 | L10: 3 | M10: 1 | N10: 88 | P10: =((4*(H10))+(I10)+(5*J10)+(-2*K10)+(5*L10)+(6*M10)+(-G10))/H10 -> 6.6086957 | Q10: =((4*(H10))+(I10)+(-3*J10)+(-2*K10)+(5*L10)+(6*M10)+(-G10))/H10 -> 4.173913 | R10: =((4*(H10))+(I10)+(0*J10)+(-2*K10)+(5*L10)+(6*M10)+(-G10))/H10 -> 5.0869565
C11: ='type II biomass composition'!$AG$6 -> akg | D11: 2-oxoglutarate | E11: 4.0076572 | F11: C5H4O5 | G11: -2 | H11: 5 | I11: 4 | K11: 5 | N11: =(4*H11)+(I11)+(-3*J11)+(-2*K11)+(5*L11)+(-2*M11)+(-1*G11) -> 16 | P11: =((4*(H11))+(I11)+(5*J11)+(-2*K11)+(5*L11)+(6*M11)+(-G11))/H11 -> 3.2 | Q11: =((4*(H11))+(I11)+(-3*J11)+(-2*K11)+(5*L11)+(6*M11)+(-G11))/H11 -> 3.2 | R11: =((4*(H11))+(I11)+(0*J11)+(-2*K11)+(5*L11)+(6*M11)+(-G11))/H11 -> 3.2
C12: ='type II biomass composition'!$AH$6 -> oxalo | D12: oxaloacetate | E12: 5.8795501 | F12: C4H2O5 | G12: -2 | H12: 4 | I12: 2 | K12: 5 | N12: 10 | P12: =((4*(H12))+(I12)+(5*J12)+(-2*K12)+(5*L12)+(6*M12)+(-G12))/H12 -> 2.5 | Q12: =((4*(H12))+(I12)+(-3*J12)+(-2*K12)+(5*L12)+(6*M12)+(-G12))/H12 -> 2.5 | R12: =((4*(H12))+(I12)+(0*J12)+(-2*K12)+(5*L12)+(6*M12)+(-G12))/H12 -> 2.5
C13: ='type II biomass composition'!$AI$6 -> atp | D13: ATP | E13: 45.955146 | F13: C10H12N5O13P3 | G13: -4 | H13: 10 | I13: 12 | J13: 5 | K13: 13 | L13: 3 | N13: =(4*H13)+(I13)+(-3*J13)+(-2*K13)+(5*L13)+(-2*M13)+(-1*G13) -> 30 | P13: =((4*(H13))+(I13)+(5*J13)+(-2*K13)+(5*L13)+(6*M13)+(-G13))/H13 -> 7 | Q13: =((4*(H13))+(I13)+(-3*J13)+(-2*K13)+(5*L13)+(6*M13)+(-G13))/H13 -> 3 | R13: =((4*(H13))+(I13)+(0*J13)+(-2*K13)+(5*L13)+(6*M13)+(-G13))/H13 -> 4.5
C14: ='type II biomass composition'!$AK$6 -> nadph | D14: NADPH | E14: -12.064074 | F14: C21H26N7O17P3 | G14: -4 | H14: 21 | I14: 26 | J14: 7 | K14: 17 | L14: 3 | N14: =(4*H14)+(I14)+(-3*J14)+(-2*K14)+(5*L14)+(-2*M14)+(-1*G14) -> 74 | P14: =((4*(H14))+(I14)+(5*J14)+(-2*K14)+(5*L14)+(6*M14)+(-G14))/H14 -> 6.1904762 | Q14: =((4*(H14))+(I14)+(-3*J14)+(-2*K14)+(5*L14)+(6*M14)+(-G14))/H14 -> 3.5238095 | R14: =((4*(H14))+(I14)+(0*J14)+(-2*K14)+(5*L14)+(6*M14)+(-G14))/H14 -> 4.5238095
C15: ='type II biomass composition'!$AL$6 -> N_GLU | D15: N_GLU | E15: 35.716491 | F15: NH4+ | G15: 1 | I15: 4 | J15: 1 | N15: =(4*H15)+(I15)+(-3*J15)+(-2*K15)+(5*L15)+(-2*M15)+(-1*G15) -> 0 | P15: =((4*(H15))+(I15)+(5*J15)+(-2*K15)+(5*L15)+(6*M15)+(-G15))/H15 -> #DIV/0! | Q15: =((4*(H15))+(I15)+(-3*J15)+(-2*K15)+(5*L15)+(6*M15)+(-G15))/H15 -> #DIV/0! | R15: =((4*(H15))+(I15)+(0*J15)+(-2*K15)+(5*L15)+(6*M15)+(-G15))/H15 -> #DIV/0!
C16: ='type II biomass composition'!$AM$6 -> N_GLN | D16: N_GLN | E16: 24.930427 | F16: NH4+ | G16: 1 | I16: 4 | J16: 1 | N16: =(4*H16)+(I16)+(-3*J16)+(-2*K16)+(5*L16)+(-2*M16)+(-1*G16) -> 0 | P16: =((4*(H16))+(I16)+(5*J16)+(-2*K16)+(5*L16)+(6*M16)+(-G16))/H16 -> #DIV/0! | Q16: =((4*(H16))+(I16)+(-3*J16)+(-2*K16)+(5*L16)+(6*M16)+(-G16))/H16 -> #DIV/0! | R16: =((4*(H16))+(I16)+(0*J16)+(-2*K16)+(5*L16)+(6*M16)+(-G16))/H16 -> #DIV/0!
C17: ='type II biomass composition'!$AO$6 -> polyhydroxybutyrate | D17: polyhydroxybutyrate_produced | E17: 0.58318243 | F17: C4H7O3 | G17: -1 | H17: 4 | I17: 7 | K17: 3 | N17: 18 | P17: =((4*(H17))+(I17)+(5*J17)+(-2*K17)+(5*L17)+(6*M17)+(-G17))/H17 -> 4.5 | Q17: =((4*(H17))+(I17)+(-3*J17)+(-2*K17)+(5*L17)+(6*M17)+(-G17))/H17 -> 4.5 | R17: =((4*(H17))+(I17)+(0*J17)+(-2*K17)+(5*L17)+(6*M17)+(-G17))/H17 -> 4.5
C18: ='type II biomass composition'!$AP$6 -> L-ornithine | D18: L-ornithine | E18: 0.13172732 | F18: C5H13N2O2 | G18: 1 | H18: 5 | I18: 13 | J18: 2 | K18: 2 | N18: =(4*H18)+(I18)+(-3*J18)+(-2*K18)+(5*L18)+(-2*M18)+(-1*G18) -> 22 | P18: =((4*(H18))+(I18)+(5*J18)+(-2*K18)+(5*L18)+(6*M18)+(-G18))/H18 -> 7.6 | Q18: =((4*(H18))+(I18)+(-3*J18)+(-2*K18)+(5*L18)+(6*M18)+(-G18))/H18 -> 4.4 | R18: =((4*(H18))+(I18)+(0*J18)+(-2*K18)+(5*L18)+(6*M18)+(-G18))/H18 -> 5.6
C19: polymerization ATP | D19: polymerization ATP | E19: 100 | F19: C10H12N5O13P3 | G19: -4 | H19: 10 | I19: 12 | J19: 5 | K19: 13 | L19: 3 | N19: =(4*H19)+(I19)+(-3*J19)+(-2*K19)+(5*L19)+(-2*M19)+(-1*G19) -> 30 | P19: =((4*(H19))+(I19)+(5*J19)+(-2*K19)+(5*L19)+(6*M19)+(-G19))/H19 -> 7 | Q19: =((4*(H19))+(I19)+(-3*J19)+(-2*K19)+(5*L19)+(6*M19)+(-G19))/H19 -> 3 | R19: =((4*(H19))+(I19)+(0*J19)+(-2*K19)+(5*L19)+(6*M19)+(-G19))/H19 -> 4.5
C20: NAD+ | D20: NAD+ | E20: =-(E23) -> -12.064 | F20: C21H26N7O14P2 | G20: -1 | H20: 21 | I20: 26 | J20: 7 | K20: 14 | L20: 2 | N20: =(4*H20)+(I20)+(-3*J20)+(-2*K20)+(5*L20)+(-2*M20)+(-1*G20) -> 72 | P20: =((4*(H20))+(I20)+(5*J20)+(-2*K20)+(5*L20)+(6*M20)+(-G20))/H20 -> 6.0952381 | Q20: =((4*(H20))+(I20)+(-3*J20)+(-2*K20)+(5*L20)+(6*M20)+(-G20))/H20 -> 3.4285714 | R20: =((4*(H20))+(I20)+(0*J20)+(-2*K20)+(5*L20)+(6*M20)+(-G20))/H20 -> 4.4285714
C21: H2O | D21: H2O | E21: =E19+E13 -> 145.95515 | F21: H2O | G21: 0 | I21: 2 | K21: 1 | N21: =(4*H21)+(I21)+(-3*J21)+(-2*K21)+(5*L21)+(-2*M21)+(-1*G21) -> 0 | Q21: =((4*(H21))+(I21)+(-3*J21)+(-2*K21)+(5*L21)+(6*M21)+(-G21))/H21 -> #DIV/0!
Q22: =((4*(H22))+(I22)+(-3*J22)+(-2*K22)+(5*L22)+(6*M22)+(-G22))/H22 -> #DIV/0!
A23: right side of equation | C23: ='type II biomass composition'!$AJ$6 -> nadh | D23: NADH | E23: 12.064 | F23: C21H27N7O14P2 | G23: -2 | H23: 21 | I23: 27 | J23: 7 | K23: 14 | L23: 2 | N23: =(4*H23)+(I23)+(-3*J23)+(-2*K23)+(5*L23)+(-2*M23)+(-1*G23) -> 74 | P23: =((4*(H23))+(I23)+(5*J23)+(-2*K23)+(5*L23)+(6*M23)+(-G23))/H23 -> 6.1904762 | Q23: =((4*(H23))+(I23)+(-3*J23)+(-2*K23)+(5*L23)+(6*M23)+(-G23))/H23 -> 3.5238095 | R23: =((4*(H23))+(I23)+(0*J23)+(-2*K23)+(5*L23)+(6*M23)+(-G23))/H23 -> 4.5238095
C24: ='type II biomass composition'!$AN$6 -> co2 | D24: CO2 | E24: 0.89455375 | F24: CO2 | G24: 0 | H24: 1 | K24: 2 | N24: =(4*H24)+(I24)+(-3*J24)+(-2*K24)+(5*L24)+(-2*M24)+(-1*G24) -> 0 | P24: =((4*(H24))+(I24)+(5*J24)+(-2*K24)+(5*L24)+(6*M24)+(-G24))/H24 -> 0 | Q24: =((4*(H24))+(I24)+(-3*J24)+(-2*K24)+(5*L24)+(6*M24)+(-G24))/H24 -> 0 | R24: =((4*(H24))+(I24)+(0*J24)+(-2*K24)+(5*L24)+(6*M24)+(-G24))/H24 -> 0
C25: phosphate | D25: phosphate | E25: =(E13+E19) -> 145.95515 | F25: HO4P | G25: -2 | I25: 1 | K25: 4 | L25: 1 | N25: =(4*H25)+(I25)+(-3*J25)+(-2*K25)+(5*L25)+(-2*M25)+(-1*G25) -> 0 | P25: =((4*(H25))+(I25)+(5*J25)+(-2*K25)+(5*L25)+(6*M25)+(-G25))/H25 -> #DIV/0! | Q25: =((4*(H25))+(I25)+(-3*J25)+(-2*K25)+(5*L25)+(6*M25)+(-G25))/H25 -> #DIV/0! | R25: =((4*(H25))+(I25)+(0*J25)+(-2*K25)+(5*L25)+(6*M25)+(-G25))/H25 -> #DIV/0!
C26: ADP | D26: ADP | E26: =(E13+E19) -> 145.95515 | F26: C10H12N5O10P2 | G26: -3 | H26: 10 | I26: 12 | J26: 5 | K26: 10 | L26: 2 | N26: =(4*H26)+(I26)+(-3*J26)+(-2*K26)+(5*L26)+(-2*M26)+(-1*G26) -> 30 | P26: =((4*(H26))+(I26)+(5*J26)+(-2*K26)+(5*L26)+(6*M26)+(-G26))/H26 -> 7 | Q26: =((4*(H26))+(I26)+(-3*J26)+(-2*K26)+(5*L26)+(6*M26)+(-G26))/H26 -> 3 | R26: =((4*(H26))+(I26)+(0*J26)+(-2*K26)+(5*L26)+(6*M26)+(-G26))/H26 -> 4.5
C27: COA | D27: coenzyme_A | E27: =(E10) -> 10.982178 | F27: C21H32N7O16P3S | G27: -4 | H27: 21 | I27: 32 | J27: 7 | K27: 16 | L27: 3 | M27: 1 | N27: 80 | P27: =((4*(H27))+(I27)+(5*J27)+(-2*K27)+(5*L27)+(6*M27)+(-G27))/H27 -> 6.8571429 | Q27: =((4*(H27))+(I27)+(-3*J27)+(-2*K27)+(5*L27)+(6*M27)+(-G27))/H27 -> 4.1904762 | R27: =((4*(H27))+(I27)+(0*J27)+(-2*K27)+(5*L27)+(6*M27)+(-G27))/H27 -> 5.1904762
C28: H+ | D28: H+ | E28: =(E13+E21) -> 191.91029 | F28: H | G28: 1 | I28: 1 | N28: =(4*H28)+(I28)+(-3*J28)+(-2*K28)+(5*L28)+(-2*M28)+(-1*G28) -> 0 | P28: 0 | Q28: 0 | R28: 0
C29: NADP+ | D29: NADP+ | E29: =-(E14) -> 12.064074 | F29: C21H25N7O17P3 | G29: -3 | H29: 21 | I29: 25 | J29: 7 | K29: 17 | L29: 3 | N29: =(4*H29)+(I29)+(-3*J29)+(-2*K29)+(5*L29)+(-2*M29)+(-1*G29) -> 72 | P29: =((4*(H29))+(I29)+(5*J29)+(-2*K29)+(5*L29)+(6*M29)+(-G29))/H29 -> 6.0952381 | Q29: =((4*(H29))+(I29)+(-3*J29)+(-2*K29)+(5*L29)+(6*M29)+(-G29))/H29 -> 3.4285714 | R29: =((4*(H29))+(I29)+(0*J29)+(-2*K29)+(5*L29)+(6*M29)+(-G29))/H29 -> 4.4285714
A36: *B35 is a blank space | C36: biomass term no adjustments | D36: biomass | G36: =SUM(($E5*G5)+($E6*G6)+($E7*G7)+($E8*G8)+($E9*G9)+($E10*G10)+($E11*G11)+($E12*G12)+($E13*G13)+($E14*G14)+($E15*G15)+($E16*G16)+($E17*G17)+($E18*G18)+($E19*G19)+($E20*G20)+($E21*G21))+SUM(($E23*G23)+($E24*G24)+($E25*G25)+($E26*G26)+($E27*G27)+($E28*G28)+($E29*G29)) -> -1213.7009 | H36: =SUM(($E5*H5)+($E6*H6)+($E7*H7)+($E8*H8)+($E9*H9)+($E10*H10)+($E11*H11)+($E12*H12)+($E13*H13)+($E14*H14)+($E15*H15)+($E16*H16)+($E17*H17)+($E18*H18)+($E19*H19)+($E20*H20)+($E21*H21))+SUM(($E23*H23)+($E24*H24)+($E25*H25)+($E26*H26)+($E27*H27)+($E28*H28)+($E29*H29)) -> 3528.5603 | I36: =SUM(($E5*I5)+($E6*I6)+($E7*I7)+($E8*I8)+($E9*I9)+($E10*I10)+($E11*I11)+($E12*I12)+($E13*I13)+($E14*I14)+($E15*I15)+($E16*I16)+($E17*I17)+($E18*I18)+($E19*I19)+($E20*I20)+($E21*I21))+SUM(($E23*I23)+($E24*I24)+($E25*I25)+($E26*I26)+($E27*I27)+($E28*I28)+($E29*I29)) -> 5221.5657 | J36: =SUM(($E5*J5)+($E6*J6)+($E7*J7)+($E8*J8)+($E9*J9)+($E10*J10)+($E11*J11)+($E12*J12)+($E13*J13)+($E14*J14)+($E15*J15)+($E16*J16)+($E17*J17)+($E18*J18)+($E19*J19)+($E20*J20)+($E21*J21))+SUM(($E23*J23)+($E24*J24)+($E25*J25)+($E26*J26)+($E27*J27)+($E28*J28)+($E29*J29)) -> 1674.2123 | K36: =SUM(($E5*K5)+($E6*K6)+($E7*K7)+($E8*K8)+($E9*K9)+($E10*K10)+($E11*K11)+($E12*K12)+($E13*K13)+($E14*K14)+($E15*K15)+($E16*K16)+($E17*K17)+($E18*K18)+($E19*K19)+($E20*K20)+($E21*K21))+SUM(($E23*K23)+($E24*K24)+($E25*K25)+($E26*K26)+($E27*K27)+($E28*K28)+($E29*K29)) -> 4619.5982 | L36: =SUM(($E5*L5)+($E6*L6)+($E7*L7)+($E8*L8)+($E9*L9)+($E10*L10)+($E11*L11)+($E12*L12)+($E13*L13)+($E14*L14)+($E15*L15)+($E16*L16)+($E17*L17)+($E18*L18)+($E19*L19)+($E20*L20)+($E21*L21))+SUM(($E23*L23)+($E24*L24)+($E25*L25)+($E26*L26)+($E27*L27)+($E28*L28)+($E29*L29)) -> 954.4256 | M36: =SUM(($E5*M5)+($E6*M6)+($E7*M7)+($E8*M8)+($E9*M9)+($E10*M10)+($E11*M11)+($E12*M12)+($E13*M13)+($E14*M14)+($E15*M15)+($E16*M16)+($E17*M17)+($E18*M18)+($E19*M19)+($E20*M20)+($E21*M21))+SUM(($E23*M23)+($E24*M24)+($E25*M25)+($E26*M26)+($E27*M27)+($E28*M28)+($E29*M29)) -> 21.964356 | N36: =SUM(($E5*N5)+($E6*N6)+($E7*N7)+($E8*N8)+($E9*N9)+($E10*N10)+($E11*N11)+($E12*N12)+($E13*N13)+($E14*N14)+($E15*N15)+($E16*N16)+($E17*N17)+($E18*N18)+($E19*N19)+($E20*N20)+($E21*N21))+SUM(($E23*N23)+($E24*N24)+($E25*N25)+($E26*N26)+($E27*N27)+($E28*N28)+($E29*N29)) -> 11015.874 | P36: =((4*(H36))+(I36)+(5*J36)+(-2*K36)+(5*L36)+(6*M36)+(-G36))/H36 -> 6.9675123 | Q36: =((4*(H36))+(I36)+(-3*J36)+(-2*K36)+(5*L36)+(6*M36)+(-G36))/H36 -> 3.1717153 | R36: =((4*(H36))+(I36)+(0*J36)+(-2*K36)+(5*L36)+(6*M36)+(-G36))/H36 -> 4.5951392
A37: *I combined the two ATP terms into one metabolite with one coefficient. But could leave them separate, would just need an additional reaction converting ATP = ATP_polymerization | B37: + | C37: written out (automatic formula): | D37: =((E5&$B$36&(D5))&$B$36&$B$37&$B$36&(E6&$B$36&D6)&$B$36&$B$37&$B$36&(E7&$B$36&D7)&$B$36&$B$37&$B$36&(E8&$B$36&D8)&$B$36&$B$37&$B$36&(E9&$B$36&D9)&$B$36&$B$37&$B$36&(E10&$B$36&D10)&$B$36&$B$37&$B$36&(E11&$B$36&D11)&$B$36&$B$37&$B$36&(E12&$B$36&D12)&$B$36&$B$37&$B$36&((E13+E19)&$B$36&D13)&$B$36&$B$37&$B$36&(E14&$B$36&D14)&$B$36&$B$37&$B$36&(E15&$B$36&D15)&$B$36&$B$37&$B$36&(E16&$B$36&D16)&$B$36&$B$37&$B$36&(E17&$B$36&D17)&$B$36&$B$37&$B$36&(E18&$B$36&D18)&$B$36&$B$37&$B$36&(E20&$B$36&D20)&$B$36&$B$37&$B$36&(E21&$B$36&D21)&$B$36&$B$39&$B$36&(D36)&$B$36&$B$37&$B$36&(-E23&$B$36&D23)&$B$36&$B$37&$B$36&(-E24&$B$36&D24)&$B$36&$B$37&$B$36&(-E25&$B$36&D25)&$B$36&$B$37&$B$36&(-E26&$B$36&D26)&$B$36&$B$37&$B$36&(-E27&$B$36&D27)&$B$36&$B$37&$B$36&(-E28&$B$36&D28)&$B$36&$B$37&$B$36&(-E29&$B$36&D29)) -> 0.33525017878437 D-glucopyranose_6-phosphate + 2.76300389571188 D-ribose_5-phosphate + 1.51166682921877 D-erythrose_4-phosphate + 8.19173319968786 phosphoenolpyruvate + 10.7835700117804 pyruvate + 10.982178036237 acetyl-CoA + 4.00765717469613 2-oxoglutarate + 5.8795500917648 oxaloacetate + 145.955146001733 ATP + -12.0640743345486 NADPH + 35.7164912265533 N_GLU + 24.9304271663154 N_GLN + 0.583182425886587 polyhydroxybutyrate_produced + 0.131727321248543 L-ornithine + -12.064 NAD+ + 145.955146001733 H2O = biomass + -12.064 NADH + -0.894553752061566 CO2 + -145.955146001733 phosphate + -145.955146001733 ADP + -10.982178036237 coenzyme_A + -191.910292003466 H+ + -12.0640743345486 NADP+
B38: - | C38: as text (easier to read in text window): | D38: 0.33525017878437 D-glucopyranose_6-phosphate + 2.76300389571188 D-ribose_5-phosphate + 1.51166682921877 D-erythrose_4-phosphate + 8.19173319968786 phosphoenolpyruvate + 10.7835700117804 pyruvate + 10.982178036237 acetyl-CoA + 4.00765717469613 2-oxoglutarate + 5.8795500917648 oxaloacetate + 145.955146001733 ATP + 35.7164912265533 NADPH + 24.9304271663154 N_GLU + 9.84875191559127 N_GLN + 0.583182425886587 polyhydroxybutyrate_produced + 0.131727321248543 L-ornithine + 12.0640743345486 NAD+ + 145.955146001733 H2O = biomass + 12.0640743345486 NADH + 0.894553752061566 CO2 + 145.955146001733 phosphate + 145.955146001733 ADP + 10.982178036237 coenzyme_A + 191.910292003466 H+ + 35.7164912265533 NADP+
A39: *apostrophe in front of this one | B39: =
C41: DEGREE OF REDUCTION ADJUSTED SECTION, adjusting to DoR = 4.2
C42: Compound name biomass sheet | D42: compound name in model | E42: mol compound in biomass term | F42: chemical formula | G42: charge | H42: C | I42: H | J42: N | K42: O | L42: P | M42: S | N42: E | P42: NO3- degree of reduction | Q42: NH4+ degree of reduction | R42: N2 degree of reduction
A43: left side of equation | C43: ='[1]OB3b specific for type II'!$AA$23 -> glc-6-p | D43: D-glucopyranose_6-phosphate | E43: ='[1]OB3b specific for type II'!$AU$37 -> 0.33525018 | F43: C6H11O9P | G43: -2 | H43: 6 | I43: 11 | K43: 9 | L43: 1 | N43: =(4*H43)+(I43)+(-3*J43)+(-2*K43)+(5*L43)+(-2*M43)+(-1*G43) -> 24 | P43: =((4*(H43))+(I43)+(5*J43)+(-2*K43)+(5*L43)+(6*M43)+(-G43))/H43 -> 4 | Q43: =((4*(H43))+(I43)+(-3*J43)+(-2*K43)+(5*L43)+(6*M43)+(-G43))/H43 -> 4 | R43: =((4*(H43))+(I43)+(0*J43)+(-2*K43)+(5*L43)+(6*M43)+(-G43))/H43 -> 4
C44: ='[1]OB3b specific for type II'!$AB$23 -> rib-5-p | D44: D-ribose_5-phosphate | E44: ='[1]OB3b specific for type II'!$AV$37 -> 2.7630039 | F44: C5H9O8P | G44: -2 | H44: 5 | I44: 9 | K44: 8 | L44: 1 | N44: =(4*H44)+(I44)+(-3*J44)+(-2*K44)+(5*L44)+(-2*M44)+(-1*G44) -> 20 | P44: =((4*(H44))+(I44)+(5*J44)+(-2*K44)+(5*L44)+(6*M44)+(-G44))/H44 -> 4 | Q44: =((4*(H44))+(I44)+(-3*J44)+(-2*K44)+(5*L44)+(6*M44)+(-G44))/H44 -> 4 | R44: =((4*(H44))+(I44)+(0*J44)+(-2*K44)+(5*L44)+(6*M44)+(-G44))/H44 -> 4
C45: ='[1]OB3b specific for type II'!$AC$23 -> ery-4-p | D45: D-erythrose_4-phosphate | E45: ='[1]OB3b specific for type II'!$AW$37 -> 1.5116668 | F45: C4H7O7P | G45: -2 | H45: 4 | I45: 7 | K45: 7 | L45: 1 | N45: =(4*H45)+(I45)+(-3*J45)+(-2*K45)+(5*L45)+(-2*M45)+(-1*G45) -> 16 | P45: =((4*(H45))+(I45)+(5*J45)+(-2*K45)+(5*L45)+(6*M45)+(-G45))/H45 -> 4 | Q45: =((4*(H45))+(I45)+(-3*J45)+(-2*K45)+(5*L45)+(6*M45)+(-G45))/H45 -> 4 | R45: =((4*(H45))+(I45)+(0*J45)+(-2*K45)+(5*L45)+(6*M45)+(-G45))/H45 -> 4
C46: ='[1]OB3b specific for type II'!$AD$23 -> pep | D46: phosphoenolpyruvate | E46: ='[1]OB3b specific for type II'!$AX$37 -> 8.1917332 | F46: C3H2O6P | G46: -3 | H46: 3 | I46: 2 | K46: 6 | L46: 1 | N46: 10 | P46: =((4*(H46))+(I46)+(5*J46)+(-2*K46)+(5*L46)+(6*M46)+(-G46))/H46 -> 3.3333333 | Q46: =((4*(H46))+(I46)+(-3*J46)+(-2*K46)+(5*L46)+(6*M46)+(-G46))/H46 -> 3.3333333 | R46: =((4*(H46))+(I46)+(0*J46)+(-2*K46)+(5*L46)+(6*M46)+(-G46))/H46 -> 3.3333333
C47: ='[1]OB3b specific for type II'!$AE$23 -> pyr | D47: pyruvate | E47: ='[1]OB3b specific for type II'!$AY$37 -> 10.78357 | F47: C3H3O3 | G47: -1 | H47: 3 | I47: 3 | K47: 3 | N47: =(4*H47)+(I47)+(-3*J47)+(-2*K47)+(5*L47)+(-2*M47)+(-1*G47) -> 10 | P47: =((4*(H47))+(I47)+(5*J47)+(-2*K47)+(5*L47)+(6*M47)+(-G47))/H47 -> 3.3333333 | Q47: =((4*(H47))+(I47)+(-3*J47)+(-2*K47)+(5*L47)+(6*M47)+(-G47))/H47 -> 3.3333333 | R47: =((4*(H47))+(I47)+(0*J47)+(-2*K47)+(5*L47)+(6*M47)+(-G47))/H47 -> 3.3333333
C48: ='[1]OB3b specific for type II'!$AF$23 -> ace-coa | D48: acetyl-CoA | E48: ='[1]OB3b specific for type II'!$AZ$37 -> 10.982178 | F48: C23H34N7O17P3S | G48: -4 | H48: 23 | I48: 34 | J48: 7 | K48: 17 | L48: 3 | M48: 1 | N48: 88 | P48: =((4*(H48))+(I48)+(5*J48)+(-2*K48)+(5*L48)+(6*M48)+(-G48))/H48 -> 6.6086957 | Q48: =((4*(H48))+(I48)+(-3*J48)+(-2*K48)+(5*L48)+(6*M48)+(-G48))/H48 -> 4.173913 | R48: =((4*(H48))+(I48)+(0*J48)+(-2*K48)+(5*L48)+(6*M48)+(-G48))/H48 -> 5.0869565
C49: ='[1]OB3b specific for type II'!$AG$23 -> akg | D49: 2-oxoglutarate | E49: ='[1]OB3b specific for type II'!$BA$37 -> 4.0076572 | F49: C5H4O5 | G49: -2 | H49: 5 | I49: 4 | K49: 5 | N49: =(4*H49)+(I49)+(-3*J49)+(-2*K49)+(5*L49)+(-2*M49)+(-1*G49) -> 16 | P49: =((4*(H49))+(I49)+(5*J49)+(-2*K49)+(5*L49)+(6*M49)+(-G49))/H49 -> 3.2 | Q49: =((4*(H49))+(I49)+(-3*J49)+(-2*K49)+(5*L49)+(6*M49)+(-G49))/H49 -> 3.2 | R49: =((4*(H49))+(I49)+(0*J49)+(-2*K49)+(5*L49)+(6*M49)+(-G49))/H49 -> 3.2
C50: ='[1]OB3b specific for type II'!$AH$23 -> oxalo | D50: oxaloacetate | E50: ='[1]OB3b specific for type II'!$BB$37 -> 5.8795501 | F50: C4H2O5 | G50: -2 | H50: 4 | I50: 2 | K50: 5 | N50: 10 | P50: =((4*(H50))+(I50)+(5*J50)+(-2*K50)+(5*L50)+(6*M50)+(-G50))/H50 -> 2.5 | Q50: =((4*(H50))+(I50)+(-3*J50)+(-2*K50)+(5*L50)+(6*M50)+(-G50))/H50 -> 2.5 | R50: =((4*(H50))+(I50)+(0*J50)+(-2*K50)+(5*L50)+(6*M50)+(-G50))/H50 -> 2.5
C51: ='[1]OB3b specific for type II'!$AI$23 -> atp | D51: ATP | E51: ='[1]OB3b specific for type II'!$BC$37 -> 45.955146 | F51: C10H12N5O13P3 | G51: -4 | H51: 10 | I51: 12 | J51: 5 | K51: 13 | L51: 3 | N51: =(4*H51)+(I51)+(-3*J51)+(-2*K51)+(5*L51)+(-2*M51)+(-1*G51) -> 30 | P51: =((4*(H51))+(I51)+(5*J51)+(-2*K51)+(5*L51)+(6*M51)+(-G51))/H51 -> 7 | Q51: =((4*(H51))+(I51)+(-3*J51)+(-2*K51)+(5*L51)+(6*M51)+(-G51))/H51 -> 3 | R51: =((4*(H51))+(I51)+(0*J51)+(-2*K51)+(5*L51)+(6*M51)+(-G51))/H51 -> 4.5
A52: used nadph to adjust degree of reduction | C52: ='[1]OB3b specific for type II'!$AK$23 -> nadph | D52: NADPH | E52: 69 | F52: C21H26N7O17P3 | G52: -4 | H52: 21 | I52: 26 | J52: 7 | K52: 17 | L52: 3 | N52: =(4*H52)+(I52)+(-3*J52)+(-2*K52)+(5*L52)+(-2*M52)+(-1*G52) -> 74 | P52: =((4*(H52))+(I52)+(5*J52)+(-2*K52)+(5*L52)+(6*M52)+(-G52))/H52 -> 6.1904762 | Q52: =((4*(H52))+(I52)+(-3*J52)+(-2*K52)+(5*L52)+(6*M52)+(-G52))/H52 -> 3.5238095 | R52: =((4*(H52))+(I52)+(0*J52)+(-2*K52)+(5*L52)+(6*M52)+(-G52))/H52 -> 4.5238095
C53: ='[1]OB3b specific for type II'!$AL$23 -> N_GLU | D53: N_GLU | E53: ='[1]OB3b specific for type II'!$BF$37 -> 24.930427 | F53: NH4+ | G53: 1 | I53: 4 | J53: 1 | N53: =(4*H53)+(I53)+(-3*J53)+(-2*K53)+(5*L53)+(-2*M53)+(-1*G53) -> 0 | P53: =((4*(H53))+(I53)+(5*J53)+(-2*K53)+(5*L53)+(6*M53)+(-G53))/H53 -> #DIV/0! | Q53: =((4*(H53))+(I53)+(-3*J53)+(-2*K53)+(5*L53)+(6*M53)+(-G53))/H53 -> #DIV/0! | R53: =((4*(H53))+(I53)+(0*J53)+(-2*K53)+(5*L53)+(6*M53)+(-G53))/H53 -> #DIV/0!
C54: ='[1]OB3b specific for type II'!$AM$23 -> N_GLN | D54: N_GLN | E54: ='[1]OB3b specific for type II'!$BG$37 -> 9.8487519 | F54: NH4+ | G54: 1 | I54: 4 | J54: 1 | N54: =(4*H54)+(I54)+(-3*J54)+(-2*K54)+(5*L54)+(-2*M54)+(-1*G54) -> 0 | P54: =((4*(H54))+(I54)+(5*J54)+(-2*K54)+(5*L54)+(6*M54)+(-G54))/H54 -> #DIV/0! | Q54: =((4*(H54))+(I54)+(-3*J54)+(-2*K54)+(5*L54)+(6*M54)+(-G54))/H54 -> #DIV/0! | R54: =((4*(H54))+(I54)+(0*J54)+(-2*K54)+(5*L54)+(6*M54)+(-G54))/H54 -> #DIV/0!
C55: ='[1]OB3b specific for type II'!$AO$23 -> polyhydroxybutyrate | D55: polyhydroxybutyrate_produced | E55: ='[1]OB3b specific for type II'!$BI$37 -> 0.58318243 | F55: C4H7O3 | G55: -1 | H55: 4 | I55: 7 | K55: 3 | N55: 18 | P55: =((4*(H55))+(I55)+(5*J55)+(-2*K55)+(5*L55)+(6*M55)+(-G55))/H55 -> 4.5 | Q55: =((4*(H55))+(I55)+(-3*J55)+(-2*K55)+(5*L55)+(6*M55)+(-G55))/H55 -> 4.5 | R55: =((4*(H55))+(I55)+(0*J55)+(-2*K55)+(5*L55)+(6*M55)+(-G55))/H55 -> 4.5
C56: ='[1]OB3b specific for type II'!$AP$23 -> L-ornithine | D56: L-ornithine | E56: ='[1]OB3b specific for type II'!$BJ$37 -> 0.13172732 | F56: C5H13N2O2 | G56: 1 | H56: 5 | I56: 13 | J56: 2 | K56: 2 | N56: =(4*H56)+(I56)+(-3*J56)+(-2*K56)+(5*L56)+(-2*M56)+(-1*G56) -> 22 | P56: =((4*(H56))+(I56)+(5*J56)+(-2*K56)+(5*L56)+(6*M56)+(-G56))/H56 -> 7.6 | Q56: =((4*(H56))+(I56)+(-3*J56)+(-2*K56)+(5*L56)+(6*M56)+(-G56))/H56 -> 4.4 | R56: =((4*(H56))+(I56)+(0*J56)+(-2*K56)+(5*L56)+(6*M56)+(-G56))/H56 -> 5.6
C57: polymerization ATP | D57: polymerization ATP | E57: 100 | F57: C10H12N5O13P3 | G57: -4 | H57: 10 | I57: 12 | J57: 5 | K57: 13 | L57: 3 | N57: =(4*H57)+(I57)+(-3*J57)+(-2*K57)+(5*L57)+(-2*M57)+(-1*G57) -> 30 | P57: =((4*(H57))+(I57)+(5*J57)+(-2*K57)+(5*L57)+(6*M57)+(-G57))/H57 -> 7 | Q57: =((4*(H57))+(I57)+(-3*J57)+(-2*K57)+(5*L57)+(6*M57)+(-G57))/H57 -> 3 | R57: =((4*(H57))+(I57)+(0*J57)+(-2*K57)+(5*L57)+(6*M57)+(-G57))/H57 -> 4.5
C58: NAD+ | D58: NAD+ | E58: =-(E61) -> 12.064074 | F58: C21H26N7O14P2 | G58: -1 | H58: 21 | I58: 26 | J58: 7 | K58: 14 | L58: 2 | N58: =(4*H58)+(I58)+(-3*J58)+(-2*K58)+(5*L58)+(-2*M58)+(-1*G58) -> 72 | P58: =((4*(H58))+(I58)+(5*J58)+(-2*K58)+(5*L58)+(6*M58)+(-G58))/H58 -> 6.0952381 | Q58: =((4*(H58))+(I58)+(-3*J58)+(-2*K58)+(5*L58)+(6*M58)+(-G58))/H58 -> 3.4285714 | R58: =((4*(H58))+(I58)+(0*J58)+(-2*K58)+(5*L58)+(6*M58)+(-G58))/H58 -> 4.4285714
C59: H2O | D59: H2O | E59: =E57+E51 -> 145.95515 | F59: H2O | G59: 0 | I59: 2 | K59: 1 | N59: =(4*H59)+(I59)+(-3*J59)+(-2*K59)+(5*L59)+(-2*M59)+(-1*G59) -> 0 | Q59: =((4*(H59))+(I59)+(-3*J59)+(-2*K59)+(5*L59)+(6*M59)+(-G59))/H59 -> #DIV/0!
Q60: =((4*(H60))+(I60)+(-3*J60)+(-2*K60)+(5*L60)+(6*M60)+(-G60))/H60 -> #DIV/0!
A61: right side of equation | C61: ='[1]OB3b specific for type II'!$AJ$23 -> nadh | D61: NADH | E61: ='[1]OB3b specific for type II'!$BD$37 -> -12.064074 | F61: C21H27N7O14P2 | G61: -2 | H61: 21 | I61: 27 | J61: 7 | K61: 14 | L61: 2 | N61: =(4*H61)+(I61)+(-3*J61)+(-2*K61)+(5*L61)+(-2*M61)+(-1*G61) -> 74 | P61: =((4*(H61))+(I61)+(5*J61)+(-2*K61)+(5*L61)+(6*M61)+(-G61))/H61 -> 6.1904762 | Q61: =((4*(H61))+(I61)+(-3*J61)+(-2*K61)+(5*L61)+(6*M61)+(-G61))/H61 -> 3.5238095 | R61: =((4*(H61))+(I61)+(0*J61)+(-2*K61)+(5*L61)+(6*M61)+(-G61))/H61 -> 4.5238095
C62: ='[1]OB3b specific for type II'!$AN$23 -> co2 | D62: CO2 | E62: ='[1]OB3b specific for type II'!$BH$37 -> -0.89455375 | F62: CO2 | G62: 0 | H62: 1 | K62: 2 | N62: =(4*H62)+(I62)+(-3*J62)+(-2*K62)+(5*L62)+(-2*M62)+(-1*G62) -> 0 | P62: =((4*(H62))+(I62)+(5*J62)+(-2*K62)+(5*L62)+(6*M62)+(-G62))/H62 -> 0 | Q62: =((4*(H62))+(I62)+(-3*J62)+(-2*K62)+(5*L62)+(6*M62)+(-G62))/H62 -> 0 | R62: =((4*(H62))+(I62)+(0*J62)+(-2*K62)+(5*L62)+(6*M62)+(-G62))/H62 -> 0
C63: phosphate | D63: phosphate | E63: =-(E51+E57) -> -145.95515 | F63: HO4P | G63: -2 | I63: 1 | K63: 4 | L63: 1 | N63: =(4*H63)+(I63)+(-3*J63)+(-2*K63)+(5*L63)+(-2*M63)+(-1*G63) -> 0 | P63: =((4*(H63))+(I63)+(5*J63)+(-2*K63)+(5*L63)+(6*M63)+(-G63))/H63 -> #DIV/0! | Q63: =((4*(H63))+(I63)+(-3*J63)+(-2*K63)+(5*L63)+(6*M63)+(-G63))/H63 -> #DIV/0! | R63: =((4*(H63))+(I63)+(0*J63)+(-2*K63)+(5*L63)+(6*M63)+(-G63))/H63 -> #DIV/0!
C64: ADP | D64: ADP | E64: =-(E51+E57) -> -145.95515 | F64: C10H12N5O10P2 | G64: -3 | H64: 10 | I64: 12 | J64: 5 | K64: 10 | L64: 2 | N64: =(4*H64)+(I64)+(-3*J64)+(-2*K64)+(5*L64)+(-2*M64)+(-1*G64) -> 30 | P64: =((4*(H64))+(I64)+(5*J64)+(-2*K64)+(5*L64)+(6*M64)+(-G64))/H64 -> 7 | Q64: =((4*(H64))+(I64)+(-3*J64)+(-2*K64)+(5*L64)+(6*M64)+(-G64))/H64 -> 3 | R64: =((4*(H64))+(I64)+(0*J64)+(-2*K64)+(5*L64)+(6*M64)+(-G64))/H64 -> 4.5
C65: COA | D65: coenzyme_A | E65: =-(E48) -> -10.982178 | F65: C21H32N7O16P3S | G65: -4 | H65: 21 | I65: 32 | J65: 7 | K65: 16 | L65: 3 | M65: 1 | N65: 80 | P65: =((4*(H65))+(I65)+(5*J65)+(-2*K65)+(5*L65)+(6*M65)+(-G65))/H65 -> 6.8571429 | Q65: =((4*(H65))+(I65)+(-3*J65)+(-2*K65)+(5*L65)+(6*M65)+(-G65))/H65 -> 4.1904762 | R65: =((4*(H65))+(I65)+(0*J65)+(-2*K65)+(5*L65)+(6*M65)+(-G65))/H65 -> 5.1904762
C66: H+ | D66: H+ | E66: =-(E51+E59) -> -191.91029 | F66: H | G66: 1 | I66: 1 | N66: =(4*H66)+(I66)+(-3*J66)+(-2*K66)+(5*L66)+(-2*M66)+(-1*G66) -> 0 | P66: =((4*(H66))+(I66)+(5*J66)+(-2*K66)+(5*L66)+(6*M66)+(-G66))/H66 -> #DIV/0! | Q66: =((4*(H66))+(I66)+(-3*J66)+(-2*K66)+(5*L66)+(6*M66)+(-G66))/H66 -> #DIV/0! | R66: =((4*(H66))+(I66)+(0*J66)+(-2*K66)+(5*L66)+(6*M66)+(-G66))/H66 -> #DIV/0!
C67: NADP+ | D67: NADP+ | E67: =-(E52) -> -69 | F67: C21H25N7O17P3 | G67: -3 | H67: 21 | I67: 25 | J67: 7 | K67: 17 | L67: 3 | N67: =(4*H67)+(I67)+(-3*J67)+(-2*K67)+(5*L67)+(-2*M67)+(-1*G67) -> 72 | P67: =((4*(H67))+(I67)+(5*J67)+(-2*K67)+(5*L67)+(6*M67)+(-G67))/H67 -> 6.0952381 | Q67: =((4*(H67))+(I67)+(-3*J67)+(-2*K67)+(5*L67)+(6*M67)+(-G67))/H67 -> 3.4285714 | R67: =((4*(H67))+(I67)+(0*J67)+(-2*K67)+(5*L67)+(6*M67)+(-G67))/H67 -> 4.4285714
A74: *B35 is a blank space | C74: biomass term (degree of reduction 4.2 on NH3 basis) | G74: =SUM(($E43*G43)+($E44*G44)+($E45*G45)+($E46*G46)+($E47*G47)+($E48*G48)+($E49*G49)+($E50*G50)+($E51*G51)+($E52*G52)+($E53*G53)+($E54*G54)+($E55*G55)+($E56*G56)+($E57*G57)+($E58*G58)+($E59*G59))+SUM(($E61*G61)+($E62*G62)+($E63*G63)+($E64*G64)+($E65*G65)+($E66*G66)+($E67*G67)) -> -132.91637 | H74: =SUM(($E43*H43)+($E44*H44)+($E45*H45)+($E46*H46)+($E47*H47)+($E48*H48)+($E49*H49)+($E50*H50)+($E51*H51)+($E52*H52)+($E53*H53)+($E54*H54)+($E55*H55)+($E56*H56)+($E57*H57)+($E58*H58)+($E59*H59))+SUM(($E61*H61)+($E62*H62)+($E63*H63)+($E64*H64)+($E65*H65)+($E66*H66)+($E67*H67)) -> 146.41675 | I74: =SUM(($E43*I43)+($E44*I44)+($E45*I45)+($E46*I46)+($E47*I47)+($E48*I48)+($E49*I49)+($E50*I50)+($E51*I51)+($E52*I52)+($E53*I53)+($E54*I54)+($E55*I55)+($E56*I56)+($E57*I57)+($E58*I58)+($E59*I59))+SUM(($E61*I61)+($E62*I62)+($E63*I63)+($E64*I64)+($E65*I65)+($E66*I66)+($E67*I67)) -> 293.51694 | J74: =SUM(($E43*J43)+($E44*J44)+($E45*J45)+($E46*J46)+($E47*J47)+($E48*J48)+($E49*J49)+($E50*J50)+($E51*J51)+($E52*J52)+($E53*J53)+($E54*J54)+($E55*J55)+($E56*J56)+($E57*J57)+($E58*J58)+($E59*J59))+SUM(($E61*J61)+($E62*J62)+($E63*J63)+($E64*J64)+($E65*J65)+($E66*J66)+($E67*J67)) -> 35.042634 | K74: =SUM(($E43*K43)+($E44*K44)+($E45*K45)+($E46*K46)+($E47*K47)+($E48*K48)+($E49*K49)+($E50*K50)+($E51*K51)+($E52*K52)+($E53*K53)+($E54*K54)+($E55*K55)+($E56*K56)+($E57*K57)+($E58*K58)+($E59*K59))+SUM(($E61*K61)+($E62*K62)+($E63*K63)+($E64*K64)+($E65*K65)+($E66*K66)+($E67*K67)) -> 177.84617 | L74: =SUM(($E43*L43)+($E44*L44)+($E45*L45)+($E46*L46)+($E47*L47)+($E48*L48)+($E49*L49)+($E50*L50)+($E51*L51)+($E52*L52)+($E53*L53)+($E54*L54)+($E55*L55)+($E56*L56)+($E57*L57)+($E58*L58)+($E59*L59))+SUM(($E61*L61)+($E62*L62)+($E63*L63)+($E64*L64)+($E65*L65)+($E66*L66)+($E67*L67)) -> 12.801654 | M74: =SUM(($E43*M43)+($E44*M44)+($E45*M45)+($E46*M46)+($E47*M47)+($E48*M48)+($E49*M49)+($E50*M50)+($E51*M51)+($E52*M52)+($E53*M53)+($E54*M54)+($E55*M55)+($E56*M56)+($E57*M57)+($E58*M58)+($E59*M59))+SUM(($E61*M61)+($E62*M62)+($E63*M63)+($E64*M64)+($E65*M65)+($E66*M66)+($E67*M67)) -> 0 | N74: =SUM(($E43*N43)+($E44*N44)+($E45*N45)+($E46*N46)+($E47*N47)+($E48*N48)+($E49*N49)+($E50*N50)+($E51*N51)+($E52*N52)+($E53*N53)+($E54*N54)+($E55*N55)+($E56*N56)+($E57*N57)+($E58*N58)+($E59*N59))+SUM(($E61*N61)+($E62*N62)+($E63*N63)+($E64*N64)+($E65*N65)+($E66*N66)+($E67*N67)) -> 615.28836 | P74: =((4*(H74))+(I74)+(5*J74)+(-2*K74)+(5*L74)+(6*M74)+(-G74))/H74 -> 6.1169874 | Q74: =((4*(H74))+(I74)+(-3*J74)+(-2*K74)+(5*L74)+(6*M74)+(-G74))/H74 -> 4.2023085 | R74: =((4*(H74))+(I74)+(0*J74)+(-2*K74)+(5*L74)+(6*M74)+(-G74))/H74 -> 4.9203131
C75: biomass term (scaled to 1 Cmol) | D75: biomass | F75: CH2N0.24O1.21P0.09 | G75: =G74/$H$74 -> -0.90779485 | H75: =H74/$H$74 -> 1 | I75: =I74/$H$74 -> 2.0046678 | J75: =J74/$H$74 -> 0.23933487 | K75: =K74/$H$74 -> 1.2146572 | L75: =L74/$H$74 -> 0.087432988 | M75: =M74/$H$74 -> 0 | N75: =N74/$H$74 -> 4.2023085 | P75: =((4*(H75))+(I75)+(5*J75)+(-2*K75)+(5*L75)+(6*M75)+(-G75))/H75 -> 6.1169874 | Q75: =((4*(H75))+(I75)+(-3*J75)+(-2*K75)+(5*L75)+(6*M75)+(-G75))/H75 -> 4.2023085 | R75: =((4*(H75))+(I75)+(0*J75)+(-2*K75)+(5*L75)+(6*M75)+(-G75))/H75 -> 4.9203131
A76: *I combined the two ATP terms into one metabolite with one coefficient. But could leave them separate, would just need an additional reaction converting ATP = ATP_polymerization | B76: + | C76: written out (automatic formula): | D76: =((E43&$B$36&(D43))&$B$36&$B$37&$B$36&(E44&$B$36&D44)&$B$36&$B$37&$B$36&(E45&$B$36&D45)&$B$36&$B$37&$B$36&(E46&$B$36&D46)&$B$36&$B$37&$B$36&(E47&$B$36&D47)&$B$36&$B$37&$B$36&(E48&$B$36&D48)&$B$36&$B$37&$B$36&(E49&$B$36&D49)&$B$36&$B$37&$B$36&(E50&$B$36&D50)&$B$36&$B$37&$B$36&((E51+E57)&$B$36&D51)&$B$36&$B$37&$B$36&(E52&$B$36&D52)&$B$36&$B$37&$B$36&(E53&$B$36&D53)&$B$36&$B$37&$B$36&(E54&$B$36&D54)&$B$36&$B$37&$B$36&(E55&$B$36&D55)&$B$36&$B$37&$B$36&(E56&$B$36&D56)&$B$36&$B$37&$B$36&(E58&$B$36&D58)&$B$36&$B$37&$B$36&(E59&$B$36&D59)&$B$36&$B$39&$B$36&(D74)&$B$36&$B$37&$B$36&(-E61&$B$36&D61)&$B$36&$B$37&$B$36&(-E62&$B$36&D62)&$B$36&$B$37&$B$36&(-E63&$B$36&D63)&$B$36&$B$37&$B$36&(-E64&$B$36&D64)&$B$36&$B$37&$B$36&(-E65&$B$36&D65)&$B$36&$B$37&$B$36&(-E66&$B$36&D66)&$B$36&$B$37&$B$36&(-E67&$B$36&D67)) -> 0.33525017878437 D-glucopyranose_6-phosphate + 2.76300389571188 D-ribose_5-phosphate + 1.51166682921877 D-erythrose_4-phosphate + 8.19173319968786 phosphoenolpyruvate + 10.7835700117804 pyruvate + 10.982178036237 acetyl-CoA + 4.00765717469613 2-oxoglutarate + 5.8795500917648 oxaloacetate + 145.955146001733 ATP + 69 NADPH + 24.9304271663154 N_GLU + 9.84875191559127 N_GLN + 0.583182425886587 polyhydroxybutyrate_produced + 0.131727321248543 L-ornithine + 12.0640743345486 NAD+ + 145.955146001733 H2O = + 12.0640743345486 NADH + 0.894553752061566 CO2 + 145.955146001733 phosphate + 145.955146001733 ADP + 10.982178036237 coenzyme_A + 191.910292003466 H+ + 69 NADP+
B77: - | C77: as text (easier to read in text window): | D77: 0.33525017878437 D-glucopyranose_6-phosphate + 2.76300389571188 D-ribose_5-phosphate + 1.51166682921877 D-erythrose_4-phosphate + 8.19173319968786 phosphoenolpyruvate + 10.7835700117804 pyruvate + 10.982178036237 acetyl-CoA + 4.00765717469613 2-oxoglutarate + 5.8795500917648 oxaloacetate + 145.955146001733 ATP + 69 NADPH + 24.9304271663154 N_GLU + 9.84875191559127 N_GLN + 0.583182425886587 polyhydroxybutyrate_produced + 0.131727321248543 L-ornithine + 12.0640743345486 NAD+ + 145.955146001733 H2O = + 12.0640743345486 NADH + 0.894553752061566 CO2 + 145.955146001733 phosphate + 145.955146001733 ADP + 10.982178036237 coenzyme_A + 191.910292003466 H+ + 69 NADP+
A78: *apostrophe in front of this one | B78: =
C81: CARBON MOLE ADJUSTMENT SECTION, normalizing to 1 Cmol
C82: Compound name biomass sheet | D82: compound name in model | E82: mol compound in biomass term | F82: chemical formula | G82: charge | H82: C | I82: H | J82: N | K82: O | L82: P | M82: S | N82: E | P82: NO3- degree of reduction | Q82: NH4+ degree of reduction | R82: N2 degree of reduction
A83: left side of equation | C83: ='[1]OB3b specific for type II'!$AA$23 -> glc-6-p | D83: D-glucopyranose_6-phosphate | E83: =E43/$H$115 -> 0.0022896982 | F83: C6H11O9P | G83: -2 | H83: 6 | I83: 11 | K83: 9 | L83: 1 | N83: =(4*H83)+(I83)+(-3*J83)+(-2*K83)+(5*L83)+(-2*M83)+(-1*G83) -> 24 | P83: =((4*(H83))+(I83)+(5*J83)+(-2*K83)+(5*L83)+(6*M83)+(-G83))/H83 -> 4 | Q83: =((4*(H83))+(I83)+(-3*J83)+(-2*K83)+(5*L83)+(6*M83)+(-G83))/H83 -> 4 | R83: =((4*(H83))+(I83)+(0*J83)+(-2*K83)+(5*L83)+(6*M83)+(-G83))/H83 -> 4
C84: ='[1]OB3b specific for type II'!$AB$23 -> rib-5-p | D84: D-ribose_5-phosphate | E84: =E44/$H$115 -> 0.018870818 | F84: C5H9O8P | G84: -2 | H84: 5 | I84: 9 | K84: 8 | L84: 1 | N84: =(4*H84)+(I84)+(-3*J84)+(-2*K84)+(5*L84)+(-2*M84)+(-1*G84) -> 20 | P84: =((4*(H84))+(I84)+(5*J84)+(-2*K84)+(5*L84)+(6*M84)+(-G84))/H84 -> 4 | Q84: =((4*(H84))+(I84)+(-3*J84)+(-2*K84)+(5*L84)+(6*M84)+(-G84))/H84 -> 4 | R84: =((4*(H84))+(I84)+(0*J84)+(-2*K84)+(5*L84)+(6*M84)+(-G84))/H84 -> 4
C85: ='[1]OB3b specific for type II'!$AC$23 -> ery-4-p | D85: D-erythrose_4-phosphate | E85: =E45/$H$115 -> 0.010324412 | F85: C4H7O7P | G85: -2 | H85: 4 | I85: 7 | K85: 7 | L85: 1 | N85: =(4*H85)+(I85)+(-3*J85)+(-2*K85)+(5*L85)+(-2*M85)+(-1*G85) -> 16 | P85: =((4*(H85))+(I85)+(5*J85)+(-2*K85)+(5*L85)+(6*M85)+(-G85))/H85 -> 4 | Q85: =((4*(H85))+(I85)+(-3*J85)+(-2*K85)+(5*L85)+(6*M85)+(-G85))/H85 -> 4 | R85: =((4*(H85))+(I85)+(0*J85)+(-2*K85)+(5*L85)+(6*M85)+(-G85))/H85 -> 4
C86: ='[1]OB3b specific for type II'!$AD$23 -> pep | D86: phosphoenolpyruvate | E86: =E46/$H$115 -> 0.05594806 | F86: C3H2O6P | G86: -3 | H86: 3 | I86: 2 | K86: 6 | L86: 1 | N86: 10 | P86: =((4*(H86))+(I86)+(5*J86)+(-2*K86)+(5*L86)+(6*M86)+(-G86))/H86 -> 3.3333333 | Q86: =((4*(H86))+(I86)+(-3*J86)+(-2*K86)+(5*L86)+(6*M86)+(-G86))/H86 -> 3.3333333 | R86: =((4*(H86))+(I86)+(0*J86)+(-2*K86)+(5*L86)+(6*M86)+(-G86))/H86 -> 3.3333333
C87: ='[1]OB3b specific for type II'!$AE$23 -> pyr | D87: pyruvate | E87: =E47/$H$115 -> 0.073649837 | F87: C3H3O3 | G87: -1 | H87: 3 | I87: 3 | K87: 3 | N87: =(4*H87)+(I87)+(-3*J87)+(-2*K87)+(5*L87)+(-2*M87)+(-1*G87) -> 10 | P87: =((4*(H87))+(I87)+(5*J87)+(-2*K87)+(5*L87)+(6*M87)+(-G87))/H87 -> 3.3333333 | Q87: =((4*(H87))+(I87)+(-3*J87)+(-2*K87)+(5*L87)+(6*M87)+(-G87))/H87 -> 3.3333333 | R87: =((4*(H87))+(I87)+(0*J87)+(-2*K87)+(5*L87)+(6*M87)+(-G87))/H87 -> 3.3333333
C88: ='[1]OB3b specific for type II'!$AF$23 -> ace-coa | D88: acetyl-CoA | E88: =E48/$H$115 -> 0.075006294 | F88: C23H34N7O17P3S | G88: -4 | H88: 23 | I88: 34 | J88: 7 | K88: 17 | L88: 3 | M88: 1 | N88: 88 | P88: =((4*(H88))+(I88)+(5*J88)+(-2*K88)+(5*L88)+(6*M88)+(-G88))/H88 -> 6.6086957 | Q88: =((4*(H88))+(I88)+(-3*J88)+(-2*K88)+(5*L88)+(6*M88)+(-G88))/H88 -> 4.173913 | R88: =((4*(H88))+(I88)+(0*J88)+(-2*K88)+(5*L88)+(6*M88)+(-G88))/H88 -> 5.0869565
C89: ='[1]OB3b specific for type II'!$AG$23 -> akg | D89: 2-oxoglutarate | E89: =E49/$H$115 -> 0.027371575 | F89: C5H4O5 | G89: -2 | H89: 5 | I89: 4 | K89: 5 | N89: =(4*H89)+(I89)+(-3*J89)+(-2*K89)+(5*L89)+(-2*M89)+(-1*G89) -> 16 | P89: =((4*(H89))+(I89)+(5*J89)+(-2*K89)+(5*L89)+(6*M89)+(-G89))/H89 -> 3.2 | Q89: =((4*(H89))+(I89)+(-3*J89)+(-2*K89)+(5*L89)+(6*M89)+(-G89))/H89 -> 3.2 | R89: =((4*(H89))+(I89)+(0*J89)+(-2*K89)+(5*L89)+(6*M89)+(-G89))/H89 -> 3.2
C90: ='[1]OB3b specific for type II'!$AH$23 -> oxalo | D90: oxaloacetate | E90: =E50/$H$115 -> 0.040156266 | F90: C4H2O5 | G90: -2 | H90: 4 | I90: 2 | K90: 5 | N90: 10 | P90: =((4*(H90))+(I90)+(5*J90)+(-2*K90)+(5*L90)+(6*M90)+(-G90))/H90 -> 2.5 | Q90: =((4*(H90))+(I90)+(-3*J90)+(-2*K90)+(5*L90)+(6*M90)+(-G90))/H90 -> 2.5 | R90: =((4*(H90))+(I90)+(0*J90)+(-2*K90)+(5*L90)+(6*M90)+(-G90))/H90 -> 2.5
C91: ='[1]OB3b specific for type II'!$AI$23 -> atp | D91: ATP | E91: =E51/$H$115 -> 0.31386536 | F91: C10H12N5O13P3 | G91: -4 | H91: 10 | I91: 12 | J91: 5 | K91: 13 | L91: 3 | N91: =(4*H91)+(I91)+(-3*J91)+(-2*K91)+(5*L91)+(-2*M91)+(-1*G91) -> 30 | P91: =((4*(H91))+(I91)+(5*J91)+(-2*K91)+(5*L91)+(6*M91)+(-G91))/H91 -> 7 | Q91: =((4*(H91))+(I91)+(-3*J91)+(-2*K91)+(5*L91)+(6*M91)+(-G91))/H91 -> 3 | R91: =((4*(H91))+(I91)+(0*J91)+(-2*K91)+(5*L91)+(6*M91)+(-G91))/H91 -> 4.5
A92: used nadph to adjust degree of reduction | C92: ='[1]OB3b specific for type II'!$AK$23 -> nadph | D92: NADPH | E92: =E52/$H$115 -> 0.47125755 | F92: C21H26N7O17P3 | G92: -4 | H92: 21 | I92: 26 | J92: 7 | K92: 17 | L92: 3 | N92: =(4*H92)+(I92)+(-3*J92)+(-2*K92)+(5*L92)+(-2*M92)+(-1*G92) -> 74 | P92: =((4*(H92))+(I92)+(5*J92)+(-2*K92)+(5*L92)+(6*M92)+(-G92))/H92 -> 6.1904762 | Q92: =((4*(H92))+(I92)+(-3*J92)+(-2*K92)+(5*L92)+(6*M92)+(-G92))/H92 -> 3.5238095 | R92: =((4*(H92))+(I92)+(0*J92)+(-2*K92)+(5*L92)+(6*M92)+(-G92))/H92 -> 4.5238095
C93: ='[1]OB3b specific for type II'!$AL$23 -> N_GLU | D93: N_GLU | E93: =E53/$H$115 -> 0.17027032 | F93: NH4+ | G93: 1 | I93: 4 | J93: 1 | N93: =(4*H93)+(I93)+(-3*J93)+(-2*K93)+(5*L93)+(-2*M93)+(-1*G93) -> 0 | P93: =((4*(H93))+(I93)+(5*J93)+(-2*K93)+(5*L93)+(6*M93)+(-G93))/H93 -> #DIV/0! | Q93: =((4*(H93))+(I93)+(-3*J93)+(-2*K93)+(5*L93)+(6*M93)+(-G93))/H93 -> #DIV/0! | R93: =((4*(H93))+(I93)+(0*J93)+(-2*K93)+(5*L93)+(6*M93)+(-G93))/H93 -> #DIV/0!
C94: ='[1]OB3b specific for type II'!$AM$23 -> N_GLN | D94: N_GLN | E94: =E54/$H$115 -> 0.067265199 | F94: NH4+ | G94: 1 | I94: 4 | J94: 1 | N94: =(4*H94)+(I94)+(-3*J94)+(-2*K94)+(5*L94)+(-2*M94)+(-1*G94) -> 0 | P94: =((4*(H94))+(I94)+(5*J94)+(-2*K94)+(5*L94)+(6*M94)+(-G94))/H94 -> #DIV/0! | Q94: =((4*(H94))+(I94)+(-3*J94)+(-2*K94)+(5*L94)+(6*M94)+(-G94))/H94 -> #DIV/0! | R94: =((4*(H94))+(I94)+(0*J94)+(-2*K94)+(5*L94)+(6*M94)+(-G94))/H94 -> #DIV/0!
C95: ='[1]OB3b specific for type II'!$AO$23 -> polyhydroxybutyrate | D95: polyhydroxybutyrate_produced | E95: =E55/$H$115 -> 0.0039830307 | F95: C4H7O3 | G95: -1 | H95: 4 | I95: 7 | K95: 3 | N95: 18 | P95: =((4*(H95))+(I95)+(5*J95)+(-2*K95)+(5*L95)+(6*M95)+(-G95))/H95 -> 4.5 | Q95: =((4*(H95))+(I95)+(-3*J95)+(-2*K95)+(5*L95)+(6*M95)+(-G95))/H95 -> 4.5 | R95: =((4*(H95))+(I95)+(0*J95)+(-2*K95)+(5*L95)+(6*M95)+(-G95))/H95 -> 4.5
C96: ='[1]OB3b specific for type II'!$AP$23 -> L-ornithine | D96: L-ornithine | E96: =E56/$H$115 -> 0.00089967384 | F96: C5H13N2O2 | G96: 1 | H96: 5 | I96: 13 | J96: 2 | K96: 2 | N96: =(4*H96)+(I96)+(-3*J96)+(-2*K96)+(5*L96)+(-2*M96)+(-1*G96) -> 22 | P96: =((4*(H96))+(I96)+(5*J96)+(-2*K96)+(5*L96)+(6*M96)+(-G96))/H96 -> 7.6 | Q96: =((4*(H96))+(I96)+(-3*J96)+(-2*K96)+(5*L96)+(6*M96)+(-G96))/H96 -> 4.4 | R96: =((4*(H96))+(I96)+(0*J96)+(-2*K96)+(5*L96)+(6*M96)+(-G96))/H96 -> 5.6
C97: polymerization ATP | D97: polymerization ATP | E97: =E57/$H$115 -> 0.68298196 | F97: C10H12N5O13P3 | G97: -4 | H97: 10 | I97: 12 | J97: 5 | K97: 13 | L97: 3 | N97: =(4*H97)+(I97)+(-3*J97)+(-2*K97)+(5*L97)+(-2*M97)+(-1*G97) -> 30 | P97: =((4*(H97))+(I97)+(5*J97)+(-2*K97)+(5*L97)+(6*M97)+(-G97))/H97 -> 7 | Q97: =((4*(H97))+(I97)+(-3*J97)+(-2*K97)+(5*L97)+(6*M97)+(-G97))/H97 -> 3 | R97: =((4*(H97))+(I97)+(0*J97)+(-2*K97)+(5*L97)+(6*M97)+(-G97))/H97 -> 4.5
C98: NAD+ | D98: NAD+ | E98: =-E101 -> 0.082395451 | F98: C21H26N7O14P2 | G98: -1 | H98: 21 | I98: 26 | J98: 7 | K98: 14 | L98: 2 | N98: =(4*H98)+(I98)+(-3*J98)+(-2*K98)+(5*L98)+(-2*M98)+(-1*G98) -> 72 | P98: =((4*(H98))+(I98)+(5*J98)+(-2*K98)+(5*L98)+(6*M98)+(-G98))/H98 -> 6.0952381 | Q98: =((4*(H98))+(I98)+(-3*J98)+(-2*K98)+(5*L98)+(6*M98)+(-G98))/H98 -> 3.4285714 | R98: =((4*(H98))+(I98)+(0*J98)+(-2*K98)+(5*L98)+(6*M98)+(-G98))/H98 -> 4.4285714
C99: H2O | D99: H2O | E99: =E97+E91 -> 0.99684731 | F99: H2O | G99: 0 | I99: 2 | K99: 1 | N99: =(4*H99)+(I99)+(-3*J99)+(-2*K99)+(5*L99)+(-2*M99)+(-1*G99) -> 0 | Q99: =((4*(H99))+(I99)+(-3*J99)+(-2*K99)+(5*L99)+(6*M99)+(-G99))/H99 -> #DIV/0!
Q100: =((4*(H100))+(I100)+(-3*J100)+(-2*K100)+(5*L100)+(6*M100)+(-G100))/H100 -> #DIV/0!
A101: right side of equation | C101: ='[1]OB3b specific for type II'!$AJ$23 -> nadh | D101: NADH | E101: =E61/$H$115 -> -0.082395451 | F101: C21H27N7O14P2 | G101: -2 | H101: 21 | I101: 27 | J101: 7 | K101: 14 | L101: 2 | N101: =(4*H101)+(I101)+(-3*J101)+(-2*K101)+(5*L101)+(-2*M101)+(-1*G101) -> 74 | P101: =((4*(H101))+(I101)+(5*J101)+(-2*K101)+(5*L101)+(6*M101)+(-G101))/H101 -> 6.1904762 | Q101: =((4*(H101))+(I101)+(-3*J101)+(-2*K101)+(5*L101)+(6*M101)+(-G101))/H101 -> 3.5238095 | R101: =((4*(H101))+(I101)+(0*J101)+(-2*K101)+(5*L101)+(6*M101)+(-G101))/H101 -> 4.5238095
C102: ='[1]OB3b specific for type II'!$AN$23 -> co2 | D102: CO2 | E102: =E62/$H$115 -> -0.0061096407 | F102: CO2 | G102: 0 | H102: 1 | K102: 2 | N102: =(4*H102)+(I102)+(-3*J102)+(-2*K102)+(5*L102)+(-2*M102)+(-1*G102) -> 0 | P102: =((4*(H102))+(I102)+(5*J102)+(-2*K102)+(5*L102)+(6*M102)+(-G102))/H102 -> 0 | Q102: =((4*(H102))+(I102)+(-3*J102)+(-2*K102)+(5*L102)+(6*M102)+(-G102))/H102 -> 0 | R102: =((4*(H102))+(I102)+(0*J102)+(-2*K102)+(5*L102)+(6*M102)+(-G102))/H102 -> 0
C103: phosphate | D103: phosphate | E103: =-(E91+E97) -> -0.99684731 | F103: HO4P | G103: -2 | I103: 1 | K103: 4 | L103: 1 | N103: =(4*H103)+(I103)+(-3*J103)+(-2*K103)+(5*L103)+(-2*M103)+(-1*G103) -> 0 | P103: =((4*(H103))+(I103)+(5*J103)+(-2*K103)+(5*L103)+(6*M103)+(-G103))/H103 -> #DIV/0! | Q103: =((4*(H103))+(I103)+(-3*J103)+(-2*K103)+(5*L103)+(6*M103)+(-G103))/H103 -> #DIV/0! | R103: =((4*(H103))+(I103)+(0*J103)+(-2*K103)+(5*L103)+(6*M103)+(-G103))/H103 -> #DIV/0!
C104: ADP | D104: ADP | E104: =-(E91+E97) -> -0.99684731 | F104: C10H12N5O10P2 | G104: -3 | H104: 10 | I104: 12 | J104: 5 | K104: 10 | L104: 2 | N104: =(4*H104)+(I104)+(-3*J104)+(-2*K104)+(5*L104)+(-2*M104)+(-1*G104) -> 30 | P104: =((4*(H104))+(I104)+(5*J104)+(-2*K104)+(5*L104)+(6*M104)+(-G104))/H104 -> 7 | Q104: =((4*(H104))+(I104)+(-3*J104)+(-2*K104)+(5*L104)+(6*M104)+(-G104))/H104 -> 3 | R104: =((4*(H104))+(I104)+(0*J104)+(-2*K104)+(5*L104)+(6*M104)+(-G104))/H104 -> 4.5
C105: COA | D105: coenzyme_A | E105: =-(E88) -> -0.075006294 | F105: C21H32N7O16P3S | G105: -4 | H105: 21 | I105: 32 | J105: 7 | K105: 16 | L105: 3 | M105: 1 | N105: 80 | P105: =((4*(H105))+(I105)+(5*J105)+(-2*K105)+(5*L105)+(6*M105)+(-G105))/H105 -> 6.8571429 | Q105: =((4*(H105))+(I105)+(-3*J105)+(-2*K105)+(5*L105)+(6*M105)+(-G105))/H105 -> 4.1904762 | R105: =((4*(H105))+(I105)+(0*J105)+(-2*K105)+(5*L105)+(6*M105)+(-G105))/H105 -> 5.1904762
C106: H+ | D106: H+ | E106: =-(E91+E99) -> -1.3107127 | F106: H | G106: 1 | I106: 1 | N106: =(4*H106)+(I106)+(-3*J106)+(-2*K106)+(5*L106)+(-2*M106)+(-1*G106) -> 0 | P106: =((4*(H106))+(I106)+(5*J106)+(-2*K106)+(5*L106)+(6*M106)+(-G106))/H106 -> #DIV/0! | Q106: =((4*(H106))+(I106)+(-3*J106)+(-2*K106)+(5*L106)+(6*M106)+(-G106))/H106 -> #DIV/0! | R106: =((4*(H106))+(I106)+(0*J106)+(-2*K106)+(5*L106)+(6*M106)+(-G106))/H106 -> #DIV/0!
C107: NADP+ | D107: NADP+ | E107: =-(E92) -> -0.47125755 | F107: C21H25N7O17P3 | G107: -3 | H107: 21 | I107: 25 | J107: 7 | K107: 17 | L107: 3 | N107: =(4*H107)+(I107)+(-3*J107)+(-2*K107)+(5*L107)+(-2*M107)+(-1*G107) -> 72 | P107: =((4*(H107))+(I107)+(5*J107)+(-2*K107)+(5*L107)+(6*M107)+(-G107))/H107 -> 6.0952381 | Q107: =((4*(H107))+(I107)+(-3*J107)+(-2*K107)+(5*L107)+(6*M107)+(-G107))/H107 -> 3.4285714 | R107: =((4*(H107))+(I107)+(0*J107)+(-2*K107)+(5*L107)+(6*M107)+(-G107))/H107 -> 4.4285714
A114: *B35 is a blank space | C114: biomass term (degree of reduction 4.2 on NH3 basis, scaled to 1 Cmol) | D114: biomass | G114: =SUM(($E83*G83)+($E84*G84)+($E85*G85)+($E86*G86)+($E87*G87)+($E88*G88)+($E89*G89)+($E90*G90)+($E91*G91)+($E92*G92)+($E93*G93)+($E94*G94)+($E95*G95)+($E96*G96)+($E97*G97)+($E98*G98)+($E99*G99))+SUM(($E101*G101)+($E102*G102)+($E103*G103)+($E104*G104)+($E105*G105)+($E106*G106)+($E107*G107)) -> -0.90779485 | H114: =SUM(($E83*H83)+($E84*H84)+($E85*H85)+($E86*H86)+($E87*H87)+($E88*H88)+($E89*H89)+($E90*H90)+($E91*H91)+($E92*H92)+($E93*H93)+($E94*H94)+($E95*H95)+($E96*H96)+($E97*H97)+($E98*H98)+($E99*H99))+SUM(($E101*H101)+($E102*H102)+($E103*H103)+($E104*H104)+($E105*H105)+($E106*H106)+($E107*H107)) -> 1 | I114: =SUM(($E83*I83)+($E84*I84)+($E85*I85)+($E86*I86)+($E87*I87)+($E88*I88)+($E89*I89)+($E90*I90)+($E91*I91)+($E92*I92)+($E93*I93)+($E94*I94)+($E95*I95)+($E96*I96)+($E97*I97)+($E98*I98)+($E99*I99))+SUM(($E101*I101)+($E102*I102)+($E103*I103)+($E104*I104)+($E105*I105)+($E106*I106)+($E107*I107)) -> 2.0046678 | J114: =SUM(($E83*J83)+($E84*J84)+($E85*J85)+($E86*J86)+($E87*J87)+($E88*J88)+($E89*J89)+($E90*J90)+($E91*J91)+($E92*J92)+($E93*J93)+($E94*J94)+($E95*J95)+($E96*J96)+($E97*J97)+($E98*J98)+($E99*J99))+SUM(($E101*J101)+($E102*J102)+($E103*J103)+($E104*J104)+($E105*J105)+($E106*J106)+($E107*J107)) -> 0.23933487 | K114: =SUM(($E83*K83)+($E84*K84)+($E85*K85)+($E86*K86)+($E87*K87)+($E88*K88)+($E89*K89)+($E90*K90)+($E91*K91)+($E92*K92)+($E93*K93)+($E94*K94)+($E95*K95)+($E96*K96)+($E97*K97)+($E98*K98)+($E99*K99))+SUM(($E101*K101)+($E102*K102)+($E103*K103)+($E104*K104)+($E105*K105)+($E106*K106)+($E107*K107)) -> 1.2146572 | L114: =SUM(($E83*L83)+($E84*L84)+($E85*L85)+($E86*L86)+($E87*L87)+($E88*L88)+($E89*L89)+($E90*L90)+($E91*L91)+($E92*L92)+($E93*L93)+($E94*L94)+($E95*L95)+($E96*L96)+($E97*L97)+($E98*L98)+($E99*L99))+SUM(($E101*L101)+($E102*L102)+($E103*L103)+($E104*L104)+($E105*L105)+($E106*L106)+($E107*L107)) -> 0.087432988 | M114: =SUM(($E83*M83)+($E84*M84)+($E85*M85)+($E86*M86)+($E87*M87)+($E88*M88)+($E89*M89)+($E90*M90)+($E91*M91)+($E92*M92)+($E93*M93)+($E94*M94)+($E95*M95)+($E96*M96)+($E97*M97)+($E98*M98)+($E99*M99))+SUM(($E101*M101)+($E102*M102)+($E103*M103)+($E104*M104)+($E105*M105)+($E106*M106)+($E107*M107)) -> 0 | N114: =SUM(($E83*N83)+($E84*N84)+($E85*N85)+($E86*N86)+($E87*N87)+($E88*N88)+($E89*N89)+($E90*N90)+($E91*N91)+($E92*N92)+($E93*N93)+($E94*N94)+($E95*N95)+($E96*N96)+($E97*N97)+($E98*N98)+($E99*N99))+SUM(($E101*N101)+($E102*N102)+($E103*N103)+($E104*N104)+($E105*N105)+($E106*N106)+($E107*N107)) -> 4.2023085 | P114: =((4*(H114))+(I114)+(5*J114)+(-2*K114)+(5*L114)+(6*M114)+(-G114))/H114 -> 6.1169874 | Q114: =((4*(H114))+(I114)+(-3*J114)+(-2*K114)+(5*L114)+(6*M114)+(-G114))/H114 -> 4.2023085 | R114: =((4*(H114))+(I114)+(0*J114)+(-2*K114)+(5*L114)+(6*M114)+(-G114))/H114 -> 4.9203131
G115: original carbon moles | H115: =H74 -> 146.41675
A116: *I combined the two ATP terms into one metabolite with one coefficient. But could leave them separate, would just need an additional reaction converting ATP = ATP_polymerization | B116: + | C116: written out (automatic formula): | D116: =((E83&$B$36&(D83))&$B$36&$B$37&$B$36&(E84&$B$36&D84)&$B$36&$B$37&$B$36&(E85&$B$36&D85)&$B$36&$B$37&$B$36&(E86&$B$36&D86)&$B$36&$B$37&$B$36&(E87&$B$36&D87)&$B$36&$B$37&$B$36&(E88&$B$36&D88)&$B$36&$B$37&$B$36&(E89&$B$36&D89)&$B$36&$B$37&$B$36&(E90&$B$36&D90)&$B$36&$B$37&$B$36&((E91+E97)&$B$36&D91)&$B$36&$B$37&$B$36&(E92&$B$36&D92)&$B$36&$B$37&$B$36&(E93&$B$36&D93)&$B$36&$B$37&$B$36&(E94&$B$36&D94)&$B$36&$B$37&$B$36&(E95&$B$36&D95)&$B$36&$B$37&$B$36&(E96&$B$36&D96)&$B$36&$B$37&$B$36&(E98&$B$36&D98)&$B$36&$B$37&$B$36&(E99&$B$36&D99)&$B$36&$B$39&$B$36&(D114)&$B$36&$B$37&$B$36&(-E101&$B$36&D101)&$B$36&$B$37&$B$36&(-E102&$B$36&D102)&$B$36&$B$37&$B$36&(-E103&$B$36&D103)&$B$36&$B$37&$B$36&(-E104&$B$36&D104)&$B$36&$B$37&$B$36&(-E105&$B$36&D105)&$B$36&$B$37&$B$36&(-E106&$B$36&D106)&$B$36&$B$37&$B$36&(-E107&$B$36&D107)) -> 0.00228969823022475 D-glucopyranose_6-phosphate + 0.0188708180650508 D-ribose_5-phosphate + 0.0103244116859306 D-erythrose_4-phosphate + 0.0559480596783296 phosphoenolpyruvate + 0.0736498374467966 pyruvate + 0.075006294417992 acetyl-CoA + 0.0273715753814747 2-oxoglutarate + 0.040156266250019 oxaloacetate + 0.996847311772243 ATP + 0.471257549983665 NADPH + 0.170270319223826 N_GLU + 0.0672651985237458 N_GLN + 0.00398303074227309 polyhydroxybutyrate_produced + 0.000899673835905793 L-ornithine + 0.0823954509234807 NAD+ + 0.996847311772243 H2O = biomass + 0.0823954509234807 NADH + 0.00610964071775693 CO2 + 0.996847311772243 phosphate + 0.996847311772243 ADP + 0.075006294417992 coenzyme_A + 1.31071266704642 H+ + 0.471257549983665 NADP+
B117: - | C117: as text (easier to read in text window): | D117: 0.00228969823022475 D-glucopyranose_6-phosphate + 0.0188708180650508 D-ribose_5-phosphate + 0.0103244116859306 D-erythrose_4-phosphate + 0.0559480596783296 phosphoenolpyruvate + 0.0736498374467966 pyruvate + 0.075006294417992 acetyl-CoA + 0.0273715753814747 2-oxoglutarate + 0.040156266250019 oxaloacetate + 0.996847311772243 ATP + 0.471257549983665 NADPH + 0.170270319223826 N_GLU + 0.0672651985237458 N_GLN + 0.00398303074227309 polyhydroxybutyrate_produced + 0.000899673835905793 L-ornithine + 0.0823954509234807 NAD+ + 0.996847311772243 H2O = biomass + 0.0823954509234807 NADH + 0.00610964071775693 CO2 + 0.996847311772243 phosphate + 0.996847311772243 ADP + 0.075006294417992 coenzyme_A + 1.31071266704642 H+ + 0.471257549983665 NADP+
A118: *apostrophe in front of this one | B118: =
C120: ROUNDING SECTION
C121: Compound name biomass sheet | D121: compound name in model | E121: mol compound in biomass term | F121: chemical formula | G121: charge | H121: C | I121: H | J121: N | K121: O | L121: P | M121: S | N121: E | P121: NO3- degree of reduction | Q121: NH4+ degree of reduction | R121: N2 degree of reduction
A122: left side of equation | C122: ='[1]OB3b specific for type II'!$AA$23 -> glc-6-p | D122: D-glucopyranose_6-phosphate | E122: =ROUND(E83,5) -> 0.00229 | F122: C6H11O9P | G122: -2 | H122: 6 | I122: 11 | K122: 9 | L122: 1 | N122: =(4*H122)+(I122)+(-3*J122)+(-2*K122)+(5*L122)+(-2*M122)+(-1*G122) -> 24 | P122: =((4*(H122))+(I122)+(5*J122)+(-2*K122)+(5*L122)+(6*M122)+(-G122))/H122 -> 4 | Q122: =((4*(H122))+(I122)+(-3*J122)+(-2*K122)+(5*L122)+(6*M122)+(-G122))/H122 -> 4 | R122: =((4*(H122))+(I122)+(0*J122)+(-2*K122)+(5*L122)+(6*M122)+(-G122))/H122 -> 4
C123: ='[1]OB3b specific for type II'!$AB$23 -> rib-5-p | D123: D-ribose_5-phosphate | E123: =ROUND(E84,5) -> 0.01887 | F123: C5H9O8P | G123: -2 | H123: 5 | I123: 9 | K123: 8 | L123: 1 | N123: =(4*H123)+(I123)+(-3*J123)+(-2*K123)+(5*L123)+(-2*M123)+(-1*G123) -> 20 | P123: =((4*(H123))+(I123)+(5*J123)+(-2*K123)+(5*L123)+(6*M123)+(-G123))/H123 -> 4 | Q123: =((4*(H123))+(I123)+(-3*J123)+(-2*K123)+(5*L123)+(6*M123)+(-G123))/H123 -> 4 | R123: =((4*(H123))+(I123)+(0*J123)+(-2*K123)+(5*L123)+(6*M123)+(-G123))/H123 -> 4
C124: ='[1]OB3b specific for type II'!$AC$23 -> ery-4-p | D124: D-erythrose_4-phosphate | E124: =ROUND(E85,5) -> 0.01032 | F124: C4H7O7P | G124: -2 | H124: 4 | I124: 7 | K124: 7 | L124: 1 | N124: =(4*H124)+(I124)+(-3*J124)+(-2*K124)+(5*L124)+(-2*M124)+(-1*G124) -> 16 | P124: =((4*(H124))+(I124)+(5*J124)+(-2*K124)+(5*L124)+(6*M124)+(-G124))/H124 -> 4 | Q124: =((4*(H124))+(I124)+(-3*J124)+(-2*K124)+(5*L124)+(6*M124)+(-G124))/H124 -> 4 | R124: =((4*(H124))+(I124)+(0*J124)+(-2*K124)+(5*L124)+(6*M124)+(-G124))/H124 -> 4
...

Sheet biomass reaction variations
B2: alternative growth reactions considering different biomass degrees of reduction and growth associated maintenance energy
B3: first number in designator is biomass degree of reduction and second number is GAM in ATP per Cmol biomass
B5: Type II biomass
B6: biomass_typeII 4.2 1 ATP | C6: 0.00229 D-glucopyranose_6-phosphate + 0.01887 D-ribose_5-phosphate + 0.01032 D-erythrose_4-phosphate + 0.05595 phosphoenolpyruvate + 0.07365 pyruvate + 0.07501 acetyl-CoA + 0.02737 2-oxoglutarate + 0.04016 oxaloacetate + 0.99685 ATP + 0.47126 NADPH + 0.17027 N_GLU + 0.06727 N_GLN + 0.00398 polyhydroxybutyrate_produced + 0.0009 L-ornithine + 0.0824 NAD+ + 0.99685 H2O = biomass_2 + 0.0824 NADH + 0.00611 CO2 + 0.99685 phosphate + 0.99685 ADP + 0.07501 coenzyme_A + 1.31071 H+ + 0.47126 NADP+
B7: biomass_typeII 4.2GAM | C7: 0.00229 D-glucopyranose_6-phosphate + 0.01887 D-ribose_5-phosphate + 0.01032 D-erythrose_4-phosphate + 0.05595 phosphoenolpyruvate + 0.07365 pyruvate + 0.07501 acetyl-CoA + 0.02737 2-oxoglutarate + 0.04016 oxaloacetate + 1.51345 ATP + 0.47126 NADPH + 0.17027 N_GLU + 0.06727 N_GLN + 0.00398 polyhydroxybutyrate_produced + 0.0009 L-ornithine + 0.0824 NAD+ + 1.51345 H2O = biomass_2 + 0.0824 NADH + 0.00611 CO2 + 1.51345 phosphate + 1.51345 ADP + 0.07501 coenzyme_A + 1.82731 H+ + 0.47126 NADP+
B9: biomass typeII 4.4 GAM | C9: 0.00229 D-glucopyranose_6-phosphate + 0.01887 D-ribose_5-phosphate + 0.01032 D-erythrose_4-phosphate + 0.05595 phosphoenolpyruvate + 0.07365 pyruvate + 0.07501 acetyl-CoA + 0.02737 2-oxoglutarate + 0.04016 oxaloacetate + 1.51345 ATP + 0.57029 NADPH + 0.17027 N_GLU + 0.06727 N_GLN + 0.00398 polyhydroxybutyrate_produced + 0.0009 L-ornithine + 0.0824 NAD+ + 1.51345 H2O = biomass_2 + 0.0824 NADH + 0.00611 CO2 + 1.51345 phosphate + 1.51345 ADP + 0.07501 coenzyme_A + 1.82731 H+ + 0.57029 NADP+
B10: biomass typeII 4.6 GAM | C10: 0.00229 D-glucopyranose_6-phosphate + 0.01887 D-ribose_5-phosphate + 0.01032 D-erythrose_4-phosphate + 0.05595 phosphoenolpyruvate + 0.07365 pyruvate + 0.07501 acetyl-CoA + 0.02737 2-oxoglutarate + 0.04016 oxaloacetate + 1.51345 ATP + 0.67001 NADPH + 0.17027 N_GLU + 0.06727 N_GLN + 0.00398 polyhydroxybutyrate_produced + 0.0009 L-ornithine + 0.0824 NAD+ + 1.51345 H2O = biomass_2 + 0.0824 NADH + 0.00611 CO2 + 1.51345 phosphate + 1.51345 ADP + 0.07501 coenzyme_A + 1.82731 H+ + 0.67001 NADP+
B11: biomass typeII 4.8 GAM | C11: 0.00229 D-glucopyranose_6-phosphate + 0.01887 D-ribose_5-phosphate + 0.01032 D-erythrose_4-phosphate + 0.05595 phosphoenolpyruvate + 0.07365 pyruvate + 0.07501 acetyl-CoA + 0.02737 2-oxoglutarate + 0.04016 oxaloacetate + 1.51345 ATP + 0.7704 NADPH + 0.17027 N_GLU + 0.06727 N_GLN + 0.00398 polyhydroxybutyrate_produced + 0.0009 L-ornithine + 0.0824 NAD+ + 1.51345 H2O = biomass_2 + 0.0824 NADH + 0.00611 CO2 + 1.51345 phosphate + 1.51345 ADP + 0.07501 coenzyme_A + 1.82731 H+ + 0.7704 NADP+
B13: biomass DoR 4.4 1 ATP | C13: 0.00229 D-glucopyranose_6-phosphate + 0.01887 D-ribose_5-phosphate + 0.01032 D-erythrose_4-phosphate + 0.05595 phosphoenolpyruvate + 0.07365 pyruvate + 0.07501 acetyl-CoA + 0.02737 2-oxoglutarate + 0.04016 oxaloacetate + 0.99685 ATP + 0.57029 NADPH + 0.17027 N_GLU + 0.06727 N_GLN + 0.00398 polyhydroxybutyrate_produced + 0.0009 L-ornithine + 0.0824 NAD+ + 0.99685 H2O = biomass_2 + 0.0824 NADH + 0.00611 CO2 + 0.99685 phosphate + 0.99685 ADP + 0.07501 coenzyme_A + 1.31071 H+ + 0.57029 NADP+
B14: biomass DoR 4.4 3 ATP | C14: 0.00229 D-glucopyranose_6-phosphate + 0.01887 D-ribose_5-phosphate + 0.01032 D-erythrose_4-phosphate + 0.05595 phosphoenolpyruvate + 0.07365 pyruvate + 0.07501 acetyl-CoA + 0.02737 2-oxoglutarate + 0.04016 oxaloacetate + 3 ATP + 0.57029 NADPH + 0.17027 N_GLU + 0.06727 N_GLN + 0.00398 polyhydroxybutyrate_produced + 0.0009 L-ornithine + 0.0824 NAD+ + 3 H2O = biomass_2 + 0.0824 NADH + 0.00611 CO2 + 3 phosphate + 3 ADP + 0.07501 coenzyme_A + 3.31386 H+ + 0.57029 NADP+
B15: biomass DoR 4.4 5 ATP | C15: 0.00229 D-glucopyranose_6-phosphate + 0.01887 D-ribose_5-phosphate + 0.01032 D-erythrose_4-phosphate + 0.05595 phosphoenolpyruvate + 0.07365 pyruvate + 0.07501 acetyl-CoA + 0.02737 2-oxoglutarate + 0.04016 oxaloacetate + 5 ATP + 0.57029 NADPH + 0.17027 N_GLU + 0.06727 N_GLN + 0.00398 polyhydroxybutyrate_produced + 0.0009 L-ornithine + 0.0824 NAD+ + 5 H2O = biomass_2 + 0.0824 NADH + 0.00611 CO2 + 5 phosphate + 5 ADP + 0.07501 coenzyme_A + 5.31386 H+ + 0.57029 NADP+
B17: biomass DoR 4.6 1 ATP | C17: 0.00229 D-glucopyranose_6-phosphate + 0.01887 D-ribose_5-phosphate + 0.01032 D-erythrose_4-phosphate + 0.05595 phosphoenolpyruvate + 0.07365 pyruvate + 0.07501 acetyl-CoA + 0.02737 2-oxoglutarate + 0.04016 oxaloacetate + 0.99685 ATP + 0.67001 NADPH + 0.17027 N_GLU + 0.06727 N_GLN + 0.00398 polyhydroxybutyrate_produced + 0.0009 L-ornithine + 0.0824 NAD+ + 0.99685 H2O = biomass_2 + 0.0824 NADH + 0.00611 CO2 + 0.99685 phosphate + 0.99685 ADP + 0.07501 coenzyme_A + 1.31071 H+ + 0.67001 NADP+
B18: biomass DoR 4.6 3 ATP | C18: 0.00229 D-glucopyranose_6-phosphate + 0.01887 D-ribose_5-phosphate + 0.01032 D-erythrose_4-phosphate + 0.05595 phosphoenolpyruvate + 0.07365 pyruvate + 0.07501 acetyl-CoA + 0.02737 2-oxoglutarate + 0.04016 oxaloacetate + 3 ATP + 0.67001 NADPH + 0.17027 N_GLU + 0.06727 N_GLN + 0.00398 polyhydroxybutyrate_produced + 0.0009 L-ornithine + 0.0824 NAD+ + 3 H2O = biomass_2 + 0.0824 NADH + 0.00611 CO2 + 3 phosphate + 3 ADP + 0.07501 coenzyme_A + 3.31386 H+ + 0.67001 NADP+
B19: biomass DoR 4.6 5 ATP | C19: 0.00229 D-glucopyranose_6-phosphate + 0.01887 D-ribose_5-phosphate + 0.01032 D-erythrose_4-phosphate + 0.05595 phosphoenolpyruvate + 0.07365 pyruvate + 0.07501 acetyl-CoA + 0.02737 2-oxoglutarate + 0.04016 oxaloacetate + 5 ATP + 0.67001 NADPH + 0.17027 N_GLU + 0.06727 N_GLN + 0.00398 polyhydroxybutyrate_produced + 0.0009 L-ornithine + 0.0824 NAD+ + 5 H2O = biomass_2 + 0.0824 NADH + 0.00611 CO2 + 5 phosphate + 5 ADP + 0.07501 coenzyme_A + 5.31386 H+ + 0.67001 NADP+
B21: biomass DoR 4.8 1 ATP | C21: 0.00229 D-glucopyranose_6-phosphate + 0.01887 D-ribose_5-phosphate + 0.01032 D-erythrose_4-phosphate + 0.05595 phosphoenolpyruvate + 0.07365 pyruvate + 0.07501 acetyl-CoA + 0.02737 2-oxoglutarate + 0.04016 oxaloacetate + 0.99685 ATP + 0.7704 NADPH + 0.17027 N_GLU + 0.06727 N_GLN + 0.00398 polyhydroxybutyrate_produced + 0.0009 L-ornithine + 0.0824 NAD+ + 0.99685 H2O = biomass_2 + 0.0824 NADH + 0.00611 CO2 + 0.99685 phosphate + 0.99685 ADP + 0.07501 coenzyme_A + 1.31071 H+ + 0.7704 NADP+
... B23: biomass DoR 4.8 5 ATP | C23: 0.00229 D-glucopyranose_6-phosphate + 0.01887 D-ribose_5-phosphate + 0.01032 D-erythrose_4-phosphate + 0.05595 phosphoenolpyruvate + 0.07365 pyruvate + 0.07501 acetyl-CoA + 0.02737 2-oxoglutarate + 0.04016 oxaloacetate + 5 ATP + 0.7704 NADPH + 0.17027 N_GLU + 0.06727 N_GLN + 0.00398 polyhydroxybutyrate_produced + 0.0009 L-ornithine + 0.0824 NAD+ + 5 H2O = biomass_2 + 0.0824 NADH + 0.00611 CO2 + 5 phosphate + 5 ADP + 0.07501 coenzyme_A + 5.31386 H+ + 0.7704 NADP+
B27: Type I biomass
B28: typeI4.2GAM | C28: 0.00229 D-glucopyranose_6-phosphate + 0.01885 D-ribose_5-phosphate + 0.01031 D-erythrose_4-phosphate + 0.05587 phosphoenolpyruvate + 0.07355 pyruvate + 0.07491 acetyl-CoA + 0.02734 2-oxoglutarate + 0.0401 oxaloacetate + 1.51345 ATP + 0.47472 NADPH + 0.17004 N_GLU + 0.06718 N_GLN + 0.00287 glycogen_produced + 0.0009 L-ornithine + 0.08229 NAD+ + 1.51345 H2O = biomass_1 + 0.08229 NADH + 0.0061 CO2 + 1.51345 phosphate + 1.51345 ADP + 0.07491 coenzyme_A + 1.8189 H+ + 0.47472 NADP+

Sheet model metabolite data
B1: name | E1: internal (0), external (1) | I1: name in model | J1: chemical formula | K1: charge | L1: C | M1: H | N1: N | O1: O | P1: P | Q1: S | R1: E | T1: NO3- degree of reduction | U1: NH4+ degree of reduction | V1: N2 degree of reduction
B2: =I2 -> (2R)-ethylmalonyl-CoA | C2: 0 | D2: 0 | E2: 0 | I2: (2R)-ethylmalonyl-CoA | J2: C26H37N7O19P3S | K2: -5 | L2: 26 | M2: 37 | N2: 7 | O2: 19 | P2: 3 | Q2: 1 | R2: =(4*L2)+(M2)+(-3*N2)+(-2*O2)+(5*P2)+(-2*Q2)+(-1*K2) -> 100 | T2: =((4*(L2))+(M2)+(5*N2)+(-2*O2)+(5*P2)+(6*Q2)+(-K2))/L2 -> 6.3076923 | U2: =((4*(L2))+(M2)+(-3*N2)+(-2*O2)+(5*P2)+(6*Q2)+(-K2))/L2 -> 4.1538462 | V2: =((4*(L2))+(M2)+(0*N2)+(-2*O2)+(5*P2)+(6*Q2)+(-K2))/L2 -> 4.9615385
B3: =I3 -> (2R,3S)-B-methylmalyl-CoA | C3: 0 | D3: 0 | E3: 0 | I3: (2R,3S)-B-methylmalyl-CoA | J3: C26H37N7O20P3S | K3: -5 | L3: 26 | M3: 37 | N3: 7 | O3: 20 | P3: 3 | Q3: 1 | R3: =(4*L3)+(M3)+(-3*N3)+(-2*O3)+(5*P3)+(-2*Q3)+(-1*K3) -> 98 | T3: =((4*(L3))+(M3)+(5*N3)+(-2*O3)+(5*P3)+(6*Q3)+(-K3))/L3 -> 6.2307692 | U3: =((4*(L3))+(M3)+(-3*N3)+(-2*O3)+(5*P3)+(6*Q3)+(-K3))/L3 -> 4.0769231 | V3: =((4*(L3))+(M3)+(0*N3)+(-2*O3)+(5*P3)+(6*Q3)+(-K3))/L3 -> 4.8846154
B4: =I4 -> (2S)-ethylmalonyl-CoA | C4: 0 | D4: 0 | E4: 0 | I4: (2S)-ethylmalonyl-CoA | J4: C26H37N7O19P3S | K4: -5 | L4: 26 | M4: 37 | N4: 7 | O4: 19 | P4: 3 | Q4: 1 | R4: =(4*L4)+(M4)+(-3*N4)+(-2*O4)+(5*P4)+(-2*Q4)+(-1*K4) -> 100 | T4: =((4*(L4))+(M4)+(5*N4)+(-2*O4)+(5*P4)+(6*Q4)+(-K4))/L4 -> 6.3076923 | U4: =((4*(L4))+(M4)+(-3*N4)+(-2*O4)+(5*P4)+(6*Q4)+(-K4))/L4 -> 4.1538462 | V4: =((4*(L4))+(M4)+(0*N4)+(-2*O4)+(5*P4)+(6*Q4)+(-K4))/L4 -> 4.9615385
B5: =I5 -> (2S)-methylsuccinyl-CoA | C5: 0 | D5: 0 | E5: 0 | I5: (2S)-methylsuccinyl-CoA | J5: C26H37N7O19P3S | K5: -5 | L5: 26 | M5: 37 | N5: 7 | O5: 19 | P5: 3 | Q5: 1 | R5: =(4*L5)+(M5)+(-3*N5)+(-2*O5)+(5*P5)+(-2*Q5)+(-1*K5) -> 100 | T5: =((4*(L5))+(M5)+(5*N5)+(-2*O5)+(5*P5)+(6*Q5)+(-K5))/L5 -> 6.3076923 | U5: =((4*(L5))+(M5)+(-3*N5)+(-2*O5)+(5*P5)+(6*Q5)+(-K5))/L5 -> 4.1538462 | V5: =((4*(L5))+(M5)+(0*N5)+(-2*O5)+(5*P5)+(6*Q5)+(-K5))/L5 -> 4.9615385
B6: =I6 -> (3R)-3-hydroxybutanoyl-CoA | C6: 0 | D6: 0 | E6: 0 | I6: (3R)-3-hydroxybutanoyl-CoA | J6: C25H38N7O18P3S | K6: -4 | L6: 25 | M6: 38 | N6: 7 | O6: 18 | P6: 3 | Q6: 1 | R6: =(4*L6)+(M6)+(-3*N6)+(-2*O6)+(5*P6)+(-2*Q6)+(-1*K6) -> 98 | T6: =((4*(L6))+(M6)+(5*N6)+(-2*O6)+(5*P6)+(6*Q6)+(-K6))/L6 -> 6.48 | U6: =((4*(L6))+(M6)+(-3*N6)+(-2*O6)+(5*P6)+(6*Q6)+(-K6))/L6 -> 4.24 | V6: =((4*(L6))+(M6)+(0*N6)+(-2*O6)+(5*P6)+(6*Q6)+(-K6))/L6 -> 5.08
B7: =I7 -> (R)-lactate | C7: 0 | D7: 0 | E7: 0 | I7: (R)-lactate | J7: C3H5O3 | K7: -1 | L7: 3 | M7: 5 | O7: 3 | R7: =(4*L7)+(M7)+(-3*N7)+(-2*O7)+(5*P7)+(-2*Q7)+(-1*K7) -> 12 | T7: =((4*(L7))+(M7)+(5*N7)+(-2*O7)+(5*P7)+(6*Q7)+(-K7))/L7 -> 4 | U7: =((4*(L7))+(M7)+(-3*N7)+(-2*O7)+(5*P7)+(6*Q7)+(-K7))/L7 -> 4 | V7: =((4*(L7))+(M7)+(0*N7)+(-2*O7)+(5*P7)+(6*Q7)+(-K7))/L7 -> 4
B8: =I8 -> (R)-lactate_ext | C8: 0 | D8: 0 | E8: 1 | I8: (R)-lactate_ext | J8: C3H5O3 | K8: -1 | L8: 3 | M8: 5 | O8: 3 | R8: =(4*L8)+(M8)+(-3*N8)+(-2*O8)+(5*P8)+(-2*Q8)+(-1*K8) -> 12 | T8: =((4*(L8))+(M8)+(5*N8)+(-2*O8)+(5*P8)+(6*Q8)+(-K8))/L8 -> 4 | U8: =((4*(L8))+(M8)+(-3*N8)+(-2*O8)+(5*P8)+(6*Q8)+(-K8))/L8 -> 4 | V8: =((4*(L8))+(M8)+(0*N8)+(-2*O8)+(5*P8)+(6*Q8)+(-K8))/L8 -> 4
B9: =I9 -> (R)-methylmalonyl-CoA | C9: 0 | D9: 0 | E9: 0 | I9: (R)-methylmalonyl-CoA | J9: C25H35N7O19P3S | K9: -5 | L9: 25 | M9: 35 | N9: 7 | O9: 19 | P9: 3 | Q9: 1 | R9: =(4*L9)+(M9)+(-3*N9)+(-2*O9)+(5*P9)+(-2*Q9)+(-1*K9) -> 94 | T9: =((4*(L9))+(M9)+(5*N9)+(-2*O9)+(5*P9)+(6*Q9)+(-K9))/L9 -> 6.32 | U9: =((4*(L9))+(M9)+(-3*N9)+(-2*O9)+(5*P9)+(6*Q9)+(-K9))/L9 -> 4.08 | V9: =((4*(L9))+(M9)+(0*N9)+(-2*O9)+(5*P9)+(6*Q9)+(-K9))/L9 -> 4.92
B10: =I10 -> (S)-malate | C10: 0 | D10: 0 | E10: 0 | I10: (S)-malate | J10: C4H4O5 | K10: -2 | L10: 4 | M10: 4 | O10: 5 | R10: 12 | T10: =((4*(L10))+(M10)+(5*N10)+(-2*O10)+(5*P10)+(6*Q10)+(-K10))/L10 -> 3 | U10: =((4*(L10))+(M10)+(-3*N10)+(-2*O10)+(5*P10)+(6*Q10)+(-K10))/L10 -> 3 | V10: =((4*(L10))+(M10)+(0*N10)+(-2*O10)+(5*P10)+(6*Q10)+(-K10))/L10 -> 3
B11: =I11 -> (S)-malyl-CoA | C11: 0 | D11: 0 | E11: 0 | I11: (S)-malyl-CoA | J11: C25H35N7O20P3S | K11: -5 | L11: 25 | M11: 35 | N11: 7 | O11: 20 | P11: 3 | Q11: 1 | R11: 92 | T11: =((4*(L11))+(M11)+(5*N11)+(-2*O11)+(5*P11)+(6*Q11)+(-K11))/L11 -> 6.24 | U11: =((4*(L11))+(M11)+(-3*N11)+(-2*O11)+(5*P11)+(6*Q11)+(-K11))/L11 -> 4 | V11: =((4*(L11))+(M11)+(0*N11)+(-2*O11)+(5*P11)+(6*Q11)+(-K11))/L11 -> 4.84
B12: =I12 -> (S)-methylmalonyl-CoA | C12: 0 | D12: 0 | E12: 0 | I12: (S)-methylmalonyl-CoA | J12: C25H35N7O19P3S | K12: -5 | L12: 25 | M12: 35 | N12: 7 | O12: 19 | P12: 3 | Q12: 1 | R12: =(4*L12)+(M12)+(-3*N12)+(-2*O12)+(5*P12)+(-2*Q12)+(-1*K12) -> 94 | T12: =((4*(L12))+(M12)+(5*N12)+(-2*O12)+(5*P12)+(6*Q12)+(-K12))/L12 -> 6.32 | U12: =((4*(L12))+(M12)+(-3*N12)+(-2*O12)+(5*P12)+(6*Q12)+(-K12))/L12 -> 4.08 | V12: =((4*(L12))+(M12)+(0*N12)+(-2*O12)+(5*P12)+(6*Q12)+(-K12))/L12 -> 4.92
B13: =I13 -> 10-formyl-tetrahydrofolate | C13: 0 | D13: 0 | E13: 0 | I13: 10-formyl-tetrahydrofolate | J13: C20H21N7O7 | K13: -2 | L13: 20 | M13: 21 | N13: 7 | O13: 7 | R13: =(4*L13)+(M13)+(-3*N13)+(-2*O13)+(5*P13)+(-2*Q13)+(-1*K13) -> 68
B14: =I14 -> 2-dehydro-3-deoxy-D-gluconate_6-phosphate | C14: 0 | D14: 0 | E14: 0 | I14: 2-dehydro-3-deoxy-D-gluconate_6-phosphate | J14: C6H8O9P | K14: -3 | L14: 6 | M14: 8 | O14: 9 | P14: 1 | R14: =(4*L14)+(M14)+(-3*N14)+(-2*O14)+(5*P14)+(-2*Q14)+(-1*K14) -> 22
B15: =I15 -> 2-methylfumaryl-CoA | C15: 0 | D15: 0 | E15: 0 | I15: 2-methylfumaryl-CoA | J15: C26H35N7O19P3S | K15: -5 | L15: 26 | M15: 35 | N15: 7 | O15: 19 | P15: 3 | Q15: 1 | R15: =(4*L15)+(M15)+(-3*N15)+(-2*O15)+(5*P15)+(-2*Q15)+(-1*K15) -> 98 | T15: =((4*(L15))+(M15)+(5*N15)+(-2*O15)+(5*P15)+(6*Q15)+(-K15))/L15 -> 6.2307692 | U15: =((4*(L15))+(M15)+(-3*N15)+(-2*O15)+(5*P15)+(6*Q15)+(-K15))/L15 -> 4.0769231 | V15: =((4*(L15))+(M15)+(0*N15)+(-2*O15)+(5*P15)+(6*Q15)+(-K15))/L15 -> 4.8846154
B16: =I16 -> 2-oxoglutarate | C16: 0 | D16: 0 | E16: 0 | I16: 2-oxoglutarate | J16: C5H4O5 | K16: -2 | L16: 5 | M16: 4 | O16: 5 | R16: =(4*L16)+(M16)+(-3*N16)+(-2*O16)+(5*P16)+(-2*Q16)+(-1*K16) -> 16 | T16: =((4*(L16))+(M16)+(5*N16)+(-2*O16)+(5*P16)+(6*Q16)+(-K16))/L16 -> 3.2 | U16: =((4*(L16))+(M16)+(-3*N16)+(-2*O16)+(5*P16)+(6*Q16)+(-K16))/L16 -> 3.2 | V16: =((4*(L16))+(M16)+(0*N16)+(-2*O16)+(5*P16)+(6*Q16)+(-K16))/L16 -> 3.2
B17: =I17 -> 2-phospho-D-glycerate | C17: 0 | D17: 0 | E17: 0 | I17: 2-phospho-D-glycerate | J17: C3H4O7P | K17: -3 | L17: 3 | M17: 4 | O17: 7 | P17: 1 | R17: 10 | T17: =((4*(L17))+(M17)+(5*N17)+(-2*O17)+(5*P17)+(6*Q17)+(-K17))/L17 -> 3.3333333 | U17: =((4*(L17))+(M17)+(-3*N17)+(-2*O17)+(5*P17)+(6*Q17)+(-K17))/L17 -> 3.3333333 | V17: =((4*(L17))+(M17)+(0*N17)+(-2*O17)+(5*P17)+(6*Q17)+(-K17))/L17 -> 3.3333333
B18: =I18 -> 3-hydroxybutanoate | C18: 0 | D18: 0 | E18: 0 | I18: 3-hydroxybutanoate | J18: C4H7O3 | K18: -1 | L18: 4 | M18: 7 | O18: 3 | R18: =(4*L18)+(M18)+(-3*N18)+(-2*O18)+(5*P18)+(-2*Q18)+(-1*K18) -> 18 | T18: =((4*(L18))+(M18)+(5*N18)+(-2*O18)+(5*P18)+(6*Q18)+(-K18))/L18 -> 4.5 | U18: =((4*(L18))+(M18)+(-3*N18)+(-2*O18)+(5*P18)+(6*Q18)+(-K18))/L18 -> 4.5 | V18: =((4*(L18))+(M18)+(0*N18)+(-2*O18)+(5*P18)+(6*Q18)+(-K18))/L18 -> 4.5
B19: =I19 -> 3-phospho-D-glycerate | C19: 0 | D19: 0 | E19: 0 | I19: 3-phospho-D-glycerate | J19: C3H4O7P | K19: -3 | L19: 3 | M19: 4 | O19: 7 | P19: 1 | R19: 10 | T19: =((4*(L19))+(M19)+(5*N19)+(-2*O19)+(5*P19)+(6*Q19)+(-K19))/L19 -> 3.3333333 | U19: =((4*(L19))+(M19)+(-3*N19)+(-2*O19)+(5*P19)+(6*Q19)+(-K19))/L19 -> 3.3333333 | V19: =((4*(L19))+(M19)+(0*N19)+(-2*O19)+(5*P19)+(6*Q19)+(-K19))/L19 -> 3.3333333
B20: =I20 -> 3-phospho-D-glycerol_phosphate | C20: 0 | D20: 0 | E20: 0 | I20: 3-phospho-D-glycerol_phosphate | J20: C3H4O10P2 | K20: -4 | L20: 3 | M20: 4 | O20: 10 | P20: 2 | R20: 10 | T20: =((4*(L20))+(M20)+(5*N20)+(-2*O20)+(5*P20)+(6*Q20)+(-K20))/L20 -> 3.3333333 | U20: =((4*(L20))+(M20)+(-3*N20)+(-2*O20)+(5*P20)+(6*Q20)+(-K20))/L20 -> 3.3333333 | V20: =((4*(L20))+(M20)+(0*N20)+(-2*O20)+(5*P20)+(6*Q20)+(-K20))/L20 -> 3.3333333
B21: =I21 -> 5,10-methenyltetrahydrofolate | C21: 0 | D21: 0 | E21: 0 | I21: 5,10-methenyltetrahydrofolate | J21: C20H20N7O6 | K21: -1 | L21: 20 | M21: 20 | N21: 7 | O21: 6 | R21: =(4*L21)+(M21)+(-3*N21)+(-2*O21)+(5*P21)+(-2*Q21)+(-1*K21) -> 68 | T21: =((4*(L21))+(M21)+(5*N21)+(-2*O21)+(5*P21)+(6*Q21)+(-K21))/L21 -> 6.2 | U21: =((4*(L21))+(M21)+(-3*N21)+(-2*O21)+(5*P21)+(6*Q21)+(-K21))/L21 -> 3.4 | V21: =((4*(L21))+(M21)+(0*N21)+(-2*O21)+(5*P21)+(6*Q21)+(-K21))/L21 -> 4.45
B22: =I22 -> 5,10-methenyltetrahydromethanopterin | C22: 0 | D22: 0 | E22: 0 | I22: 5,10-methenyltetrahydromethanopterin | J22: C31H41N6O16P | K22: -2 | L22: 31 | M22: 41 | N22: 6 | O22: 16 | P22: 1 | R22: =(4*L22)+(M22)+(-3*N22)+(-2*O22)+(5*P22)+(-2*Q22)+(-1*K22) -> 122 | T22: =((4*(L22))+(M22)+(5*N22)+(-2*O22)+(5*P22)+(6*Q22)+(-K22))/L22 -> 5.483871 | U22: =((4*(L22))+(M22)+(-3*N22)+(-2*O22)+(5*P22)+(6*Q22)+(-K22))/L22 -> 3.9354839 | V22: =((4*(L22))+(M22)+(0*N22)+(-2*O22)+(5*P22)+(6*Q22)+(-K22))/L22 -> 4.516129
B23: =I23 -> 5,10-methylenetetrahydrofolate | C23: 0 | D23: 0 | E23: 0 | I23: 5,10-methylenetetrahydrofolate | J23: C20H21N7O6 | K23: -2 | L23: 20 | M23: 21 | N23: 7 | O23: 6 | R23: =(4*L23)+(M23)+(-3*N23)+(-2*O23)+(5*P23)+(-2*Q23)+(-1*K23) -> 70 | T23: =((4*(L23))+(M23)+(5*N23)+(-2*O23)+(5*P23)+(6*Q23)+(-K23))/L23 -> 6.3 | U23: =((4*(L23))+(M23)+(-3*N23)+(-2*O23)+(5*P23)+(6*Q23)+(-K23))/L23 -> 3.5 | V23: =((4*(L23))+(M23)+(0*N23)+(-2*O23)+(5*P23)+(6*Q23)+(-K23))/L23 -> 4.55
B24: =I24 -> 5,10-methylene-tetrahydromethanopterin | C24: 0 | D24: 0 | E24: 0 | I24: 5,10-methylene-tetrahydromethanopterin | J24: C31H42N6O16P | K24: -3 | L24: 31 | M24: 42 | N24: 6 | O24: 16 | P24: 1 | R24: =(4*L24)+(M24)+(-3*N24)+(-2*O24)+(5*P24)+(-2*Q24)+(-1*K24) -> 124 | T24: =((4*(L24))+(M24)+(5*N24)+(-2*O24)+(5*P24)+(6*Q24)+(-K24))/L24 -> 5.5483871 | U24: =((4*(L24))+(M24)+(-3*N24)+(-2*O24)+(5*P24)+(6*Q24)+(-K24))/L24 -> 4 | V24: =((4*(L24))+(M24)+(0*N24)+(-2*O24)+(5*P24)+(6*Q24)+(-K24))/L24 -> 4.5806452
B25: =I25 -> 5-formyl-tetrahydromethanopterin | C25: 0 | D25: 0 | E25: 0 | I25: 5-formyl-tetrahydromethanopterin | J25: C31H42N6O17P | K25: -3 | L25: 31 | M25: 42 | N25: 6 | O25: 17 | P25: 1 | R25: =(4*L25)+(M25)+(-3*N25)+(-2*O25)+(5*P25)+(-2*Q25)+(-1*K25) -> 122 | T25: =((4*(L25))+(M25)+(5*N25)+(-2*O25)+(5*P25)+(6*Q25)+(-K25))/L25 -> 5.483871 | U25: =((4*(L25))+(M25)+(-3*N25)+(-2*O25)+(5*P25)+(6*Q25)+(-K25))/L25 -> 3.9354839 | V25: =((4*(L25))+(M25)+(0*N25)+(-2*O25)+(5*P25)+(6*Q25)+(-K25))/L25 -> 4.516129
B26: =I26 -> 6-phospho_D-glucono-1,5-lactone | C26: 0 | D26: 0 | E26: 0 | I26: 6-phospho_D-glucono-1,5-lactone | J26: C6H9O9P | K26: -2 | L26: 6 | M26: 9 | O26: 9 | P26: 1 | R26: =(4*L26)+(M26)+(-3*N26)+(-2*O26)+(5*P26)+(-2*Q26)+(-1*K26) -> 22
B27: =I27 -> acetaldehyde | C27: 0 | D27: 0 | E27: 0 | I27: acetaldehyde | J27: C2H4O | K27: 0 | L27: 2 | M27: 4 | O27: 1 | R27: =(4*L27)+(M27)+(-3*N27)+(-2*O27)+(5*P27)+(-2*Q27)+(-1*K27) -> 10 | T27: =((4*(L27))+(M27)+(5*N27)+(-2*O27)+(5*P27)+(6*Q27)+(-K27))/L27 -> 5 | U27: =((4*(L27))+(M27)+(-3*N27)+(-2*O27)+(5*P27)+(6*Q27)+(-K27))/L27 -> 5 | V27: =((4*(L27))+(M27)+(0*N27)+(-2*O27)+(5*P27)+(6*Q27)+(-K27))/L27 -> 5
B28: =I28 -> acetate | C28: 0 | D28: 0 | E28: 0 | I28: acetate | J28: C2H3O2 | K28: -1 | L28: 2 | M28: 3 | O28: 2 | R28: =(4*L28)+(M28)+(-3*N28)+(-2*O28)+(5*P28)+(-2*Q28)+(-1*K28) -> 8 | T28: =((4*(L28))+(M28)+(5*N28)+(-2*O28)+(5*P28)+(6*Q28)+(-K28))/L28 -> 4 | U28: =((4*(L28))+(M28)+(-3*N28)+(-2*O28)+(5*P28)+(6*Q28)+(-K28))/L28 -> 4 | V28: =((4*(L28))+(M28)+(0*N28)+(-2*O28)+(5*P28)+(6*Q28)+(-K28))/L28 -> 4
B29: =I29 -> acetate_ext | C29: 0 | D29: 0 | E29: 1 | I29: acetate_ext | J29: C2H3O2 | K29: -1 | L29: 2 | M29: 3 | O29: 2 | R29: =(4*L29)+(M29)+(-3*N29)+(-2*O29)+(5*P29)+(-2*Q29)+(-1*K29) -> 8 | T29: =((4*(L29))+(M29)+(5*N29)+(-2*O29)+(5*P29)+(6*Q29)+(-K29))/L29 -> 4 | U29: =((4*(L29))+(M29)+(-3*N29)+(-2*O29)+(5*P29)+(6*Q29)+(-K29))/L29 -> 4 | V29: =((4*(L29))+(M29)+(0*N29)+(-2*O29)+(5*P29)+(6*Q29)+(-K29))/L29 -> 4
B30: =I30 -> acetoacetate | C30: 0 | D30: 0 | E30: 0 | I30: acetoacetate | J30: C4H5O3 | K30: -1 | L30: 4 | M30: 5 | O30: 3 | R30: =(4*L30)+(M30)+(-3*N30)+(-2*O30)+(5*P30)+(-2*Q30)+(-1*K30) -> 16 | T30: =((4*(L30))+(M30)+(5*N30)+(-2*O30)+(5*P30)+(6*Q30)+(-K30))/L30 -> 4 | U30: =((4*(L30))+(M30)+(-3*N30)+(-2*O30)+(5*P30)+(6*Q30)+(-K30))/L30 -> 4 | V30: =((4*(L30))+(M30)+(0*N30)+(-2*O30)+(5*P30)+(6*Q30)+(-K30))/L30 -> 4
B31: =I31 -> acetoacetyl-CoA | C31: 0 | D31: 0 | E31: 0 | I31: acetoacetyl-CoA | J31: C25H36N7O18P3S | K31: -4 | L31: 25 | M31: 36 | N31: 7 | O31: 18 | P31: 3 | Q31: 1 | R31: =(4*L31)+(M31)+(-3*N31)+(-2*O31)+(5*P31)+(-2*Q31)+(-1*K31) -> 96 | T31: =((4*(L31))+(M31)+(5*N31)+(-2*O31)+(5*P31)+(6*Q31)+(-K31))/L31 -> 6.4 | U31: =((4*(L31))+(M31)+(-3*N31)+(-2*O31)+(5*P31)+(6*Q31)+(-K31))/L31 -> 4.16 | V31: =((4*(L31))+(M31)+(0*N31)+(-2*O31)+(5*P31)+(6*Q31)+(-K31))/L31 -> 5
B32: =I32 -> acetone | C32: 0 | D32: 0 | E32: 0 | I32: acetone | J32: C3H6O | K32: 0 | L32: 3 | M32: 6 | O32: 1 | R32: =(4*L32)+(M32)+(-3*N32)+(-2*O32)+(5*P32)+(-2*Q32)+(-1*K32) -> 16 | T32: =((4*(L32))+(M32)+(5*N32)+(-2*O32)+(5*P32)+(6*Q32)+(-K32))/L32 -> 5.3333333 | U32: =((4*(L32))+(M32)+(-3*N32)+(-2*O32)+(5*P32)+(6*Q32)+(-K32))/L32 -> 5.3333333 | V32: =((4*(L32))+(M32)+(0*N32)+(-2*O32)+(5*P32)+(6*Q32)+(-K32))/L32 -> 5.3333333
B33: =I33 -> acetone_ext | C33: 0 | D33: 0 | E33: 1 | I33: acetone_ext | J33: C3H6O | K33: 0 | L33: 3 | M33: 6 | O33: 1 | R33: =(4*L33)+(M33)+(-3*N33)+(-2*O33)+(5*P33)+(-2*Q33)+(-1*K33) -> 16 | T33: =((4*(L33))+(M33)+(5*N33)+(-2*O33)+(5*P33)+(6*Q33)+(-K33))/L33 -> 5.3333333 | U33: =((4*(L33))+(M33)+(-3*N33)+(-2*O33)+(5*P33)+(6*Q33)+(-K33))/L33 -> 5.3333333 | V33: =((4*(L33))+(M33)+(0*N33)+(-2*O33)+(5*P33)+(6*Q33)+(-K33))/L33 -> 5.3333333
B34: =I34 -> acetyl_phosphate | C34: 0 | D34: 0 | E34: 0 | I34: acetyl_phosphate | J34: C2H3O5P | K34: -2 | L34: 2 | M34: 3 | O34: 5 | P34: 1 | R34: =(4*L34)+(M34)+(-3*N34)+(-2*O34)+(5*P34)+(-2*Q34)+(-1*K34) -> 8 | T34: =((4*(L34))+(M34)+(5*N34)+(-2*O34)+(5*P34)+(6*Q34)+(-K34))/L34 -> 4 | U34: =((4*(L34))+(M34)+(-3*N34)+(-2*O34)+(5*P34)+(6*Q34)+(-K34))/L34 -> 4 | V34: =((4*(L34))+(M34)+(0*N34)+(-2*O34)+(5*P34)+(6*Q34)+(-K34))/L34 -> 4
B35: =I35 -> acetyl-CoA | C35: 0 | D35: 0 | E35: 0 | I35: acetyl-CoA | J35: C23H34N7O17P3S | K35: -4 | L35: 23 | M35: 34 | N35: 7 | O35: 17 | P35: 3 | Q35: 1 | R35: =(4*L35)+(M35)+(-3*N35)+(-2*O35)+(5*P35)+(-2*Q35)+(-1*K35) -> 88 | T35: =((4*(L35))+(M35)+(5*N35)+(-2*O35)+(5*P35)+(6*Q35)+(-K35))/L35 -> 6.6086957 | U35: =((4*(L35))+(M35)+(-3*N35)+(-2*O35)+(5*P35)+(6*Q35)+(-K35))/L35 -> 4.173913 | V35: =((4*(L35))+(M35)+(0*N35)+(-2*O35)+(5*P35)+(6*Q35)+(-K35))/L35 -> 5.0869565
B36: =I36 -> a-D-glucopyranose_1-phosphate | C36: 0 | D36: 0 | E36: 0 | I36: a-D-glucopyranose_1-phosphate | J36: C6H11O9P | K36: -2 | L36: 6 | M36: 11 | O36: 9 | P36: 1 | R36: =(4*L36)+(M36)+(-3*N36)+(-2*O36)+(5*P36)+(-2*Q36)+(-1*K36) -> 24
B37: =I37 -> ADP | C37: 0 | D37: 0 | E37: 0 | I37: ADP | J37: C10H12N5O10P2 | K37: -3 | L37: 10 | M37: 12 | N37: 5 | O37: 10 | P37: 2 | R37: =(4*L37)+(M37)+(-3*N37)+(-2*O37)+(5*P37)+(-2*Q37)+(-1*K37) -> 30 | T37: =((4*(L37))+(M37)+(5*N37)+(-2*O37)+(5*P37)+(6*Q37)+(-K37))/L37 -> 7 | U37: =((4*(L37))+(M37)+(-3*N37)+(-2*O37)+(5*P37)+(6*Q37)+(-K37))/L37 -> 3 | V37: =((4*(L37))+(M37)+(0*N37)+(-2*O37)+(5*P37)+(6*Q37)+(-K37))/L37 -> 4.5
B38: =I38 -> ADP-a-D-glucose | C38: 0 | D38: 0 | E38: 0 | I38: ADP-a-D-glucose | J38: C16H23N5O15P2 | K38: -3 | L38: 16 | M38: 23 | N38: 5 | O38: 15 | P38: 2 | R38: =(4*L38)+(M38)+(-3*N38)+(-2*O38)+(5*P38)+(-2*Q38)+(-1*K38) -> 55 | T38: =((4*(L38))+(M38)+(5*N38)+(-2*O38)+(5*P38)+(6*Q38)+(-K38))/L38 -> 5.9375 | U38: =((4*(L38))+(M38)+(-3*N38)+(-2*O38)+(5*P38)+(6*Q38)+(-K38))/L38 -> 3.4375 | V38: =((4*(L38))+(M38)+(0*N38)+(-2*O38)+(5*P38)+(6*Q38)+(-K38))/L38 -> 4.375
B39: =I39 -> ammonia | C39: 0 | D39: 0 | E39: 0 | I39: ammonia | J39: NH3 | M39: 3 | N39: 1 | R39: =(4*L39)+(M39)+(-3*N39)+(-2*O39)+(5*P39)+(-2*Q39)+(-1*K39) -> 0 | T39: =((4*(L39))+(M39)+(5*N39)+(-2*O39)+(5*P39)+(6*Q39)+(-K39))/L39 -> #DIV/0! | U39: =((4*(L39))+(M39)+(-3*N39)+(-2*O39)+(5*P39)+(6*Q39)+(-K39))/L39 -> #DIV/0! | V39: =((4*(L39))+(M39)+(0*N39)+(-2*O39)+(5*P39)+(6*Q39)+(-K39))/L39 -> #DIV/0!
B40: =I40 -> ammonium | C40: 0 | D40: 0 | E40: 0 | I40: ammonium | J40: NH4 | K40: 1 | M40: 4 | N40: 1 | R40: =(4*L40)+(M40)+(-3*N40)+(-2*O40)+(5*P40)+(-2*Q40)+(-1*K40) -> 0 | T40: =((4*(L40))+(M40)+(5*N40)+(-2*O40)+(5*P40)+(6*Q40)+(-K40))/L40 -> #DIV/0! | U40: =((4*(L40))+(M40)+(-3*N40)+(-2*O40)+(5*P40)+(6*Q40)+(-K40))/L40 -> #DIV/0! | V40: =((4*(L40))+(M40)+(0*N40)+(-2*O40)+(5*P40)+(6*Q40)+(-K40))/L40 -> #DIV/0!
B41: =I41 -> ammonium_ext | C41: 0 | D41: 0 | E41: 1 | I41: ammonium_ext | J41: NH4 | K41: 1 | M41: 4 | N41: 1 | R41: =(4*L41)+(M41)+(-3*N41)+(-2*O41)+(5*P41)+(-2*Q41)+(-1*K41) -> 0 | T41: =((4*(L41))+(M41)+(5*N41)+(-2*O41)+(5*P41)+(6*Q41)+(-K41))/L41 -> #DIV/0! | U41: =((4*(L41))+(M41)+(-3*N41)+(-2*O41)+(5*P41)+(6*Q41)+(-K41))/L41 -> #DIV/0! | V41: =((4*(L41))+(M41)+(0*N41)+(-2*O41)+(5*P41)+(6*Q41)+(-K41))/L41 -> #DIV/0!
B42: =I42 -> AMP | C42: 0 | D42: 0 | E42: 0 | I42: AMP | J42: C10H12N5O7P | K42: -2 | L42: 10 | M42: 12 | N42: 5 | O42: 7 | P42: 1 | R42: =(4*L42)+(M42)+(-3*N42)+(-2*O42)+(5*P42)+(-2*Q42)+(-1*K42) -> 30 | T42: =((4*(L42))+(M42)+(5*N42)+(-2*O42)+(5*P42)+(6*Q42)+(-K42))/L42 -> 7 | U42: =((4*(L42))+(M42)+(-3*N42)+(-2*O42)+(5*P42)+(6*Q42)+(-K42))/L42 -> 3 | V42: =((4*(L42))+(M42)+(0*N42)+(-2*O42)+(5*P42)+(6*Q42)+(-K42))/L42 -> 4.5
B43: =I43 -> ATP | C43: 0 | D43: 0 | E43: 0 | I43: ATP | J43: C10H12N5O13P3 | K43: -4 | L43: 10 | M43: 12 | N43: 5 | O43: 13 | P43: 3 | R43: =(4*L43)+(M43)+(-3*N43)+(-2*O43)+(5*P43)+(-2*Q43)+(-1*K43) -> 30 | T43: =((4*(L43))+(M43)+(5*N43)+(-2*O43)+(5*P43)+(6*Q43)+(-K43))/L43 -> 7 | U43: =((4*(L43))+(M43)+(-3*N43)+(-2*O43)+(5*P43)+(6*Q43)+(-K43))/L43 -> 3 | V43: =((4*(L43))+(M43)+(0*N43)+(-2*O43)+(5*P43)+(6*Q43)+(-K43))/L43 -> 4.5
B44: =I44 -> ATP_main | C44: 0 | D44: 0 | E44: 1 | I44: ATP_main | J44: N/A | R44: =(4*L44)+(M44)+(-3*N44)+(-2*O44)+(5*P44)+(-2*Q44)+(-1*K44) -> 0 | T44: =((4*(L44))+(M44)+(5*N44)+(-2*O44)+(5*P44)+(6*Q44)+(-K44))/L44 -> #DIV/0! | U44: =((4*(L44))+(M44)+(-3*N44)+(-2*O44)+(5*P44)+(6*Q44)+(-K44))/L44 -> #DIV/0! | V44: =((4*(L44))+(M44)+(0*N44)+(-2*O44)+(5*P44)+(6*Q44)+(-K44))/L44 -> #DIV/0!
B45: =I45 -> B-D-fructofuranose_1,6-bisphosphate | C45: 0 | D45: 0 | E45: 0 | I45: B-D-fructofuranose_1,6-bisphosphate | J45: C6H10O12P2 | K45: -4 | L45: 6 | M45: 10 | O45: 12 | P45: 2 | R45: =(4*L45)+(M45)+(-3*N45)+(-2*O45)+(5*P45)+(-2*Q45)+(-1*K45) -> 24 | T45: =((4*(L45))+(M45)+(5*N45)+(-2*O45)+(5*P45)+(6*Q45)+(-K45))/L45 -> 4 | U45: =((4*(L45))+(M45)+(-3*N45)+(-2*O45)+(5*P45)+(6*Q45)+(-K45))/L45 -> 4 | V45: =((4*(L45))+(M45)+(0*N45)+(-2*O45)+(5*P45)+(6*Q45)+(-K45))/L45 -> 4
B46: =I46 -> B-D-fructofuranose_6-phosphate | C46: 0 | D46: 0 | E46: 0 | I46: B-D-fructofuranose_6-phosphate | J46: C6H11O9P | K46: -2 | L46: 6 | M46: 11 | O46: 9 | P46: 1 | R46: =(4*L46)+(M46)+(-3*N46)+(-2*O46)+(5*P46)+(-2*Q46)+(-1*K46) -> 24 | T46: =((4*(L46))+(M46)+(5*N46)+(-2*O46)+(5*P46)+(6*Q46)+(-K46))/L46 -> 4 | U46: =((4*(L46))+(M46)+(-3*N46)+(-2*O46)+(5*P46)+(6*Q46)+(-K46))/L46 -> 4 | V46: =((4*(L46))+(M46)+(0*N46)+(-2*O46)+(5*P46)+(6*Q46)+(-K46))/L46 -> 4
B47: biomass_1 | C47: 0 | D47: 0 | E47: 1 | I47: biomass_1 | K47: -3.28017 | L47: 1.00003 | M47: -0.37217 | N47: 0.23902 | O47: 1.21264 | P47: 0.08732 | Q47: 0 | R47: 4.20238 | T47: =((4*(L47))+(M47)+(5*N47)+(-2*O47)+(5*P47)+(6*Q47)+(-K47))/L47 -> 6.1143566 | U47: =((4*(L47))+(M47)+(-3*N47)+(-2*O47)+(5*P47)+(6*Q47)+(-K47))/L47 -> 4.2022539 | V47: =((4*(L47))+(M47)+(0*N47)+(-2*O47)+(5*P47)+(6*Q47)+(-K47))/L47 -> 4.9192924
B48: =I48 -> biomass_2 | C48: 0 | D48: 0 | E48: 1 | I48: biomass_2 | K48: -0.90778 | L48: 0.99999 | M48: 2.00465 | N48: 0.23934 | O48: 1.21464 | P48: 0.08743 | Q48: 0 | R48: 4.20224 | T48: =((4*(L48))+(M48)+(5*N48)+(-2*O48)+(5*P48)+(6*Q48)+(-K48))/L48 -> 6.1170212 | U48: =((4*(L48))+(M48)+(-3*N48)+(-2*O48)+(5*P48)+(6*Q48)+(-K48))/L48 -> 4.202282 | V48: =((4*(L48))+(M48)+(0*N48)+(-2*O48)+(5*P48)+(6*Q48)+(-K48))/L48 -> 4.9203092
B49: =I49 -> citrate | C49: 0 | D49: 0 | E49: 0 | I49: citrate | J49: C6H5O7 | K49: -3 | L49: 6 | M49: 5 | O49: 7 | R49: =(4*L49)+(M49)+(-3*N49)+(-2*O49)+(5*P49)+(-2*Q49)+(-1*K49) -> 18 | T49: =((4*(L49))+(M49)+(5*N49)+(-2*O49)+(5*P49)+(6*Q49)+(-K49))/L49 -> 3 | U49: =((4*(L49))+(M49)+(-3*N49)+(-2*O49)+(5*P49)+(6*Q49)+(-K49))/L49 -> 3 | V49: =((4*(L49))+(M49)+(0*N49)+(-2*O49)+(5*P49)+(6*Q49)+(-K49))/L49 -> 3
B50: =I50 -> CO2 | C50: 0 | D50: 0 | E50: 0 | I50: CO2 | J50: CO2 | K50: 0 | L50: 1 | O50: 2 | R50: =(4*L50)+(M50)+(-3*N50)+(-2*O50)+(5*P50)+(-2*Q50)+(-1*K50) -> 0 | T50: =((4*(L50))+(M50)+(5*N50)+(-2*O50)+(5*P50)+(6*Q50)+(-K50))/L50 -> 0 | U50: =((4*(L50))+(M50)+(-3*N50)+(-2*O50)+(5*P50)+(6*Q50)+(-K50))/L50 -> 0 | V50: =((4*(L50))+(M50)+(0*N50)+(-2*O50)+(5*P50)+(6*Q50)+(-K50))/L50 -> 0
B51: =I51 -> CO2_eq_100 | C51: 0 | D51: 0 | E51: 0 | I51: CO2_eq_100
B52: =I52 -> CO2_eq_20 | C52: 0 | D52: 0 | E52: 0 | I52: CO2_eq_20
B53: =I53 -> CO2_ext | C53: 0 | D53: 0 | E53: 1 | I53: CO2_ext | J53: CO2 | K53: 0 | L53: 1 | O53: 2 | R53: =(4*L53)+(M53)+(-3*N53)+(-2*O53)+(5*P53)+(-2*Q53)+(-1*K53) -> 0 | T53: =((4*(L53))+(M53)+(5*N53)+(-2*O53)+(5*P53)+(6*Q53)+(-K53))/L53 -> 0 | U53: =((4*(L53))+(M53)+(-3*N53)+(-2*O53)+(5*P53)+(6*Q53)+(-K53))/L53 -> 0 | V53: =((4*(L53))+(M53)+(0*N53)+(-2*O53)+(5*P53)+(6*Q53)+(-K53))/L53 -> 0
B54: =I54 -> coenzyme_A | C54: 0 | D54: 0 | E54: 0 | I54: coenzyme_A | J54: C21H32N7O16P3S | K54: -4 | L54: 21 | M54: 32 | N54: 7 | O54: 16 | P54: 3 | Q54: 1 | R54: 80 | T54: =((4*(L54))+(M54)+(5*N54)+(-2*O54)+(5*P54)+(6*Q54)+(-K54))/L54 -> 6.8571429 | U54: =((4*(L54))+(M54)+(-3*N54)+(-2*O54)+(5*P54)+(6*Q54)+(-K54))/L54 -> 4.1904762 | V54: =((4*(L54))+(M54)+(0*N54)+(-2*O54)+(5*P54)+(6*Q54)+(-K54))/L54 -> 5.1904762
B55: =I55 -> crotonyl-CoA | C55: 0 | D55: 0 | E55: 0 | I55: crotonyl-CoA | J55: C25H36N7O17P3S | K55: -4 | L55: 25 | M55: 36 | N55: 7 | O55: 17 | P55: 3 | Q55: 1 | R55: =(4*L55)+(M55)+(-3*N55)+(-2*O55)+(5*P55)+(-2*Q55)+(-1*K55) -> 98 | T55: =((4*(L55))+(M55)+(5*N55)+(-2*O55)+(5*P55)+(6*Q55)+(-K55))/L55 -> 6.48 | U55: =((4*(L55))+(M55)+(-3*N55)+(-2*O55)+(5*P55)+(6*Q55)+(-K55))/L55 -> 4.24 | V55: =((4*(L55))+(M55)+(0*N55)+(-2*O55)+(5*P55)+(6*Q55)+(-K55))/L55 -> 5.08
B56: =I56 -> cytc | C56: 0 | D56: 0 | E56: 0 | I56: cytc | J56: N/A | K56: 3 | R56: 0 | T56: =((4*(L56))+(M56)+(5*N56)+(-2*O56)+(5*P56)+(6*Q56)+(-K56))/L56 -> #DIV/0! | U56: =((4*(L56))+(M56)+(-3*N56)+(-2*O56)+(5*P56)+(6*Q56)+(-K56))/L56 -> #DIV/0! | V56: =((4*(L56))+(M56)+(0*N56)+(-2*O56)+(5*P56)+(6*Q56)+(-K56))/L56 -> #DIV/0!
B57: =I57 -> cytcE | C57: 0 | D57: 0 | E57: 0 | I57: cytcE | K57: 2 | R57: 1 | T57: =((4*(L57))+(M57)+(5*N57)+(-2*O57)+(5*P57)+(6*Q57)+(-K57))/L57 -> #DIV/0! | U57: =((4*(L57))+(M57)+(-3*N57)+(-2*O57)+(5*P57)+(6*Q57)+(-K57))/L57 -> #DIV/0! | V57: =((4*(L57))+(M57)+(0*N57)+(-2*O57)+(5*P57)+(6*Q57)+(-K57))/L57 -> #DIV/0!
B58: =I58 -> D-erythrose_4-phosphate | C58: 0 | D58: 0 | E58: 0 | I58: D-erythrose_4-phosphate | J58: C4H7O7P | K58: -2 | L58: 4 | M58: 7 | O58: 7 | P58: 1 | R58: =(4*L58)+(M58)+(-3*N58)+(-2*O58)+(5*P58)+(-2*Q58)+(-1*K58) -> 16 | T58: =((4*(L58))+(M58)+(5*N58)+(-2*O58)+(5*P58)+(6*Q58)+(-K58))/L58 -> 4 | U58: =((4*(L58))+(M58)+(-3*N58)+(-2*O58)+(5*P58)+(6*Q58)+(-K58))/L58 -> 4 | V58: =((4*(L58))+(M58)+(0*N58)+(-2*O58)+(5*P58)+(6*Q58)+(-K58))/L58 -> 4
B59: =I59 -> D-gluconate_6-phosphate | C59: 0 | D59: 0 | E59: 0 | I59: D-gluconate_6-phosphate | J59: C6H10O10P | K59: -3 | L59: 6 | M59: 10 | O59: 10 | P59: 1 | R59: =(4*L59)+(M59)+(-3*N59)+(-2*O59)+(5*P59)+(-2*Q59)+(-1*K59) -> 22 | T59: =((4*(L59))+(M59)+(5*N59)+(-2*O59)+(5*P59)+(6*Q59)+(-K59))/L59 -> 3.6666667 | U59: =((4*(L59))+(M59)+(-3*N59)+(-2*O59)+(5*P59)+(6*Q59)+(-K59))/L59 -> 3.6666667 | V59: =((4*(L59))+(M59)+(0*N59)+(-2*O59)+(5*P59)+(6*Q59)+(-K59))/L59 -> 3.6666667
B60: =I60 -> D-glucopyranose_6-phosphate | C60: 0 | D60: 0 | E60: 0 | I60: D-glucopyranose_6-phosphate | J60: C6H11O9P | K60: -2 | L60: 6 | M60: 11 | O60: 9 | P60: 1 | R60: =(4*L60)+(M60)+(-3*N60)+(-2*O60)+(5*P60)+(-2*Q60)+(-1*K60) -> 24 | T60: =((4*(L60))+(M60)+(5*N60)+(-2*O60)+(5*P60)+(6*Q60)+(-K60))/L60 -> 4 | U60: =((4*(L60))+(M60)+(-3*N60)+(-2*O60)+(5*P60)+(6*Q60)+(-K60))/L60 -> 4 | V60: =((4*(L60))+(M60)+(0*N60)+(-2*O60)+(5*P60)+(6*Q60)+(-K60))/L60 -> 4
B61: =I61 -> D-glyceraldehyde_3-phosphate | C61: 0 | D61: 0 | E61: 0 | I61: D-glyceraldehyde_3-phosphate | J61: C3H5O6P | K61: -2 | L61: 3 | M61: 5 | O61: 6 | P61: 1 | R61: =(4*L61)+(M61)+(-3*N61)+(-2*O61)+(5*P61)+(-2*Q61)+(-1*K61) -> 12 | T61: =((4*(L61))+(M61)+(5*N61)+(-2*O61)+(5*P61)+(6*Q61)+(-K61))/L61 -> 4 | U61: =((4*(L61))+(M61)+(-3*N61)+(-2*O61)+(5*P61)+(6*Q61)+(-K61))/L61 -> 4 | V61: =((4*(L61))+(M61)+(0*N61)+(-2*O61)+(5*P61)+(6*Q61)+(-K61))/L61 -> 4
B62: =I62 -> D-glycerate | C62: 0 | D62: 0 | E62: 0 | I62: D-glycerate | J62: C3H5O4 | K62: -1 | L62: 3 | M62: 5 | O62: 4 | R62: 10 | T62: =((4*(L62))+(M62)+(5*N62)+(-2*O62)+(5*P62)+(6*Q62)+(-K62))/L62 -> 3.3333333 | U62: =((4*(L62))+(M62)+(-3*N62)+(-2*O62)+(5*P62)+(6*Q62)+(-K62))/L62 -> 3.3333333 | V62: =((4*(L62))+(M62)+(0*N62)+(-2*O62)+(5*P62)+(6*Q62)+(-K62))/L62 -> 3.3333333
B63: =I63 -> diphosphate | C63: 0 | D63: 0 | E63: 0 | I63: diphosphate | J63: HO7P2 | K63: -3 | M63: 1 | O63: 7 | P63: 2 | R63: =(4*L63)+(M63)+(-3*N63)+(-2*O63)+(5*P63)+(-2*Q63)+(-1*K63) -> 0 | T63: =((4*(L63))+(M63)+(5*N63)+(-2*O63)+(5*P63)+(6*Q63)+(-K63))/L63 -> #DIV/0! | U63: =((4*(L63))+(M63)+(-3*N63)+(-2*O63)+(5*P63)+(6*Q63)+(-K63))/L63 -> #DIV/0! | V63: =((4*(L63))+(M63)+(0*N63)+(-2*O63)+(5*P63)+(6*Q63)+(-K63))/L63 -> #DIV/0!
B64: =I64 -> D-ribose_5-phosphate | C64: 0 | D64: 0 | E64: 0 | I64: D-ribose_5-phosphate | J64: C5H9O8P | K64: -2 | L64: 5 | M64: 9 | O64: 8 | P64: 1 | R64: =(4*L64)+(M64)+(-3*N64)+(-2*O64)+(5*P64)+(-2*Q64)+(-1*K64) -> 20 | T64: =((4*(L64))+(M64)+(5*N64)+(-2*O64)+(5*P64)+(6*Q64)+(-K64))/L64 -> 4 | U64: =((4*(L64))+(M64)+(-3*N64)+(-2*O64)+(5*P64)+(6*Q64)+(-K64))/L64 -> 4 | V64: =((4*(L64))+(M64)+(0*N64)+(-2*O64)+(5*P64)+(6*Q64)+(-K64))/L64 -> 4
B65: =I65 -> D-ribulose_5-phosphate | C65: 0 | D65: 0 | E65: 0 | I65: D-ribulose_5-phosphate | J65: C5H9O8P | K65: -2 | L65: 5 | M65: 9 | O65: 8 | P65: 1 | R65: =(4*L65)+(M65)+(-3*N65)+(-2*O65)+(5*P65)+(-2*Q65)+(-1*K65) -> 20 | T65: =((4*(L65))+(M65)+(5*N65)+(-2*O65)+(5*P65)+(6*Q65)+(-K65))/L65 -> 4 | U65: =((4*(L65))+(M65)+(-3*N65)+(-2*O65)+(5*P65)+(6*Q65)+(-K65))/L65 -> 4 | V65: =((4*(L65))+(M65)+(0*N65)+(-2*O65)+(5*P65)+(6*Q65)+(-K65))/L65 -> 4
B66: =I66 -> D-sedoheptulose_7-phosphate | C66: 0 | D66: 0 | E66: 0 | I66: D-sedoheptulose_7-phosphate | J66: C7H13O10P | K66: -2 | L66: 7 | M66: 13 | O66: 10 | P66: 1 | R66: =(4*L66)+(M66)+(-3*N66)+(-2*O66)+(5*P66)+(-2*Q66)+(-1*K66) -> 28 | T66: =((4*(L66))+(M66)+(5*N66)+(-2*O66)+(5*P66)+(6*Q66)+(-K66))/L66 -> 4 | U66: =((4*(L66))+(M66)+(-3*N66)+(-2*O66)+(5*P66)+(6*Q66)+(-K66))/L66 -> 4 | V66: =((4*(L66))+(M66)+(0*N66)+(-2*O66)+(5*P66)+(6*Q66)+(-K66))/L66 -> 4
B67: =I67 -> D-threo-isocitrate | C67: 0 | D67: 0 | E67: 0 | I67: D-threo-isocitrate | J67: C6H5O7 | K67: -3 | L67: 6 | M67: 5 | O67: 7 | R67: =(4*L67)+(M67)+(-3*N67)+(-2*O67)+(5*P67)+(-2*Q67)+(-1*K67) -> 18 | T67: =((4*(L67))+(M67)+(5*N67)+(-2*O67)+(5*P67)+(6*Q67)+(-K67))/L67 -> 3 | U67: =((4*(L67))+(M67)+(-3*N67)+(-2*O67)+(5*P67)+(6*Q67)+(-K67))/L67 -> 3 | V67: =((4*(L67))+(M67)+(0*N67)+(-2*O67)+(5*P67)+(6*Q67)+(-K67))/L67 -> 3
B68: =I68 -> D-xylulose_5-phosphate | C68: 0 | D68: 0 | E68: 0 | I68: D-xylulose_5-phosphate | J68: C5H9O8P | K68: -2 | L68: 5 | M68: 9 | O68: 8 | P68: 1 | R68: =(4*L68)+(M68)+(-3*N68)+(-2*O68)+(5*P68)+(-2*Q68)+(-1*K68) -> 20 | T68: =((4*(L68))+(M68)+(5*N68)+(-2*O68)+(5*P68)+(6*Q68)+(-K68))/L68 -> 4 | U68: =((4*(L68))+(M68)+(-3*N68)+(-2*O68)+(5*P68)+(6*Q68)+(-K68))/L68 -> 4 | V68: =((4*(L68))+(M68)+(0*N68)+(-2*O68)+(5*P68)+(6*Q68)+(-K68))/L68 -> 4
B69: =I69 -> ethanol | C69: 0 | D69: 0 | E69: 0 | I69: ethanol | J69: C2H6O | K69: 0 | L69: 2 | M69: 6 | O69: 1 | R69: =(4*L69)+(M69)+(-3*N69)+(-2*O69)+(5*P69)+(-2*Q69)+(-1*K69) -> 12 | T69: =((4*(L69))+(M69)+(5*N69)+(-2*O69)+(5*P69)+(6*Q69)+(-K69))/L69 -> 6 | U69: =((4*(L69))+(M69)+(-3*N69)+(-2*O69)+(5*P69)+(6*Q69)+(-K69))/L69 -> 6 | V69: =((4*(L69))+(M69)+(0*N69)+(-2*O69)+(5*P69)+(6*Q69)+(-K69))/L69 -> 6
B70: =I70 -> ethanol_ext | C70: 0 | D70: 0 | E70: 1 | I70: ethanol_ext | J70: C2H6O | K70: 0 | L70: 2 | M70: 6 | O70: 1 | R70: =(4*L70)+(M70)+(-3*N70)+(-2*O70)+(5*P70)+(-2*Q70)+(-1*K70) -> 12 | T70: =((4*(L70))+(M70)+(5*N70)+(-2*O70)+(5*P70)+(6*Q70)+(-K70))/L70 -> 6 | U70: =((4*(L70))+(M70)+(-3*N70)+(-2*O70)+(5*P70)+(6*Q70)+(-K70))/L70 -> 6 | V70: =((4*(L70))+(M70)+(0*N70)+(-2*O70)+(5*P70)+(6*Q70)+(-K70))/L70 -> 6
B71: =I71 -> ferredoxin_oxidized | C71: 0 | D71: 0 | E71: 0 | I71: ferredoxin_oxidized | K71: 0 | R71: =(4*L71)+(M71)+(-3*N71)+(-2*O71)+(5*P71)+(-2*Q71)+(-1*K71) -> 0 | T71: =((4*(L71))+(M71)+(5*N71)+(-2*O71)+(5*P71)+(6*Q71)+(-K71))/L71 -> #DIV/0! | U71: =((4*(L71))+(M71)+(-3*N71)+(-2*O71)+(5*P71)+(6*Q71)+(-K71))/L71 -> #DIV/0! | V71: =((4*(L71))+(M71)+(0*N71)+(-2*O71)+(5*P71)+(6*Q71)+(-K71))/L71 -> #DIV/0!
B72: =I72 -> ferredoxin_reduced | C72: 0 | D72: 0 | E72: 0 | I72: ferredoxin_reduced | K72: -1 | R72: 1 | T72: =((4*(L72))+(M72)+(5*N72)+(-2*O72)+(5*P72)+(6*Q72)+(-K72))/L72 -> #DIV/0! | U72: =((4*(L72))+(M72)+(-3*N72)+(-2*O72)+(5*P72)+(6*Q72)+(-K72))/L72 -> #DIV/0! | V72: =((4*(L72))+(M72)+(0*N72)+(-2*O72)+(5*P72)+(6*Q72)+(-K72))/L72 -> #DIV/0!
B73: =I73 -> formaldehyde | C73: 0 | D73: 0 | E73: 0 | I73: formaldehyde | J73: CH2O | K73: 0 | L73: 1 | M73: 2 | O73: 1 | R73: =(4*L73)+(M73)+(-3*N73)+(-2*O73)+(5*P73)+(-2*Q73)+(-1*K73) -> 4 | T73: =((4*(L73))+(M73)+(5*N73)+(-2*O73)+(5*P73)+(6*Q73)+(-K73))/L73 -> 4 | U73: =((4*(L73))+(M73)+(-3*N73)+(-2*O73)+(5*P73)+(6*Q73)+(-K73))/L73 -> 4 | V73: =((4*(L73))+(M73)+(0*N73)+(-2*O73)+(5*P73)+(6*Q73)+(-K73))/L73 -> 4
B74: =I74 -> formaldehyde_ext | C74: 0 | D74: 0 | E74: 1 | I74: formaldehyde_ext | J74: CH2O | K74: 0 | L74: 1 | M74: 2 | O74: 1 | R74: =(4*L74)+(M74)+(-3*N74)+(-2*O74)+(5*P74)+(-2*Q74)+(-1*K74) -> 4 | T74: =((4*(L74))+(M74)+(5*N74)+(-2*O74)+(5*P74)+(6*Q74)+(-K74))/L74 -> 4 | U74: =((4*(L74))+(M74)+(-3*N74)+(-2*O74)+(5*P74)+(6*Q74)+(-K74))/L74 -> 4 | V74: =((4*(L74))+(M74)+(0*N74)+(-2*O74)+(5*P74)+(6*Q74)+(-K74))/L74 -> 4
B75: =I75 -> formate | C75: 0 | D75: 0 | E75: 0 | I75: formate | J75: CHO2 | K75: -1 | L75: 1 | M75: 1 | O75: 2 | R75: =(4*L75)+(M75)+(-3*N75)+(-2*O75)+(5*P75)+(-2*Q75)+(-1*K75) -> 2 | T75: =((4*(L75))+(M75)+(5*N75)+(-2*O75)+(5*P75)+(6*Q75)+(-K75))/L75 -> 2 | U75: =((4*(L75))+(M75)+(-3*N75)+(-2*O75)+(5*P75)+(6*Q75)+(-K75))/L75 -> 2 | V75: =((4*(L75))+(M75)+(0*N75)+(-2*O75)+(5*P75)+(6*Q75)+(-K75))/L75 -> 2
B76: =I76 -> formate_ext | C76: 0 | D76: 0 | E76: 1 | I76: formate_ext | J76: CHO2 | K76: -1 | L76: 1 | M76: 1 | O76: 2 | R76: =(4*L76)+(M76)+(-3*N76)+(-2*O76)+(5*P76)+(-2*Q76)+(-1*K76) -> 2 | T76: =((4*(L76))+(M76)+(5*N76)+(-2*O76)+(5*P76)+(6*Q76)+(-K76))/L76 -> 2 | U76: =((4*(L76))+(M76)+(-3*N76)+(-2*O76)+(5*P76)+(6*Q76)+(-K76))/L76 -> 2 | V76: =((4*(L76))+(M76)+(0*N76)+(-2*O76)+(5*P76)+(6*Q76)+(-K76))/L76 -> 2
B77: =I77 -> fumarate | C77: 0 | D77: 0 | E77: 0 | I77: fumarate | J77: C4H2O4 | K77: -2 | L77: 4 | M77: 2 | O77: 4 | R77: =(4*L77)+(M77)+(-3*N77)+(-2*O77)+(5*P77)+(-2*Q77)+(-1*K77) -> 12 | T77: =((4*(L77))+(M77)+(5*N77)+(-2*O77)+(5*P77)+(6*Q77)+(-K77))/L77 -> 3 | U77: =((4*(L77))+(M77)+(-3*N77)+(-2*O77)+(5*P77)+(6*Q77)+(-K77))/L77 -> 3 | V77: =((4*(L77))+(M77)+(0*N77)+(-2*O77)+(5*P77)+(6*Q77)+(-K77))/L77 -> 3
B78: =I78 -> g-L-glutamyl_5-phosphate | C78: 0 | D78: 0 | E78: 0 | I78: g-L-glutamyl_5-phosphate | J78: C5H8NO7P | K78: -2 | L78: 5 | M78: 8 | N78: 1 | O78: 7 | P78: 1 | R78: =(4*L78)+(M78)+(-3*N78)+(-2*O78)+(5*P78)+(-2*Q78)+(-1*K78) -> 18 | T78: =((4*(L78))+(M78)+(5*N78)+(-2*O78)+(5*P78)+(6*Q78)+(-K78))/L78 -> 5.2 | U78: =((4*(L78))+(M78)+(-3*N78)+(-2*O78)+(5*P78)+(6*Q78)+(-K78))/L78 -> 3.6 | V78: =((4*(L78))+(M78)+(0*N78)+(-2*O78)+(5*P78)+(6*Q78)+(-K78))/L78 -> 4.2
B79: =I79 -> glycerone_phosphate | C79: 0 | D79: 0 | E79: 0 | I79: glycerone_phosphate | J79: C3H5O6P | K79: -2 | L79: 3 | M79: 5 | O79: 6 | P79: 1 | R79: =(4*L79)+(M79)+(-3*N79)+(-2*O79)+(5*P79)+(-2*Q79)+(-1*K79) -> 12 | T79: =((4*(L79))+(M79)+(5*N79)+(-2*O79)+(5*P79)+(6*Q79)+(-K79))/L79 -> 4 | U79: =((4*(L79))+(M79)+(-3*N79)+(-2*O79)+(5*P79)+(6*Q79)+(-K79))/L79 -> 4 | V79: =((4*(L79))+(M79)+(0*N79)+(-2*O79)+(5*P79)+(6*Q79)+(-K79))/L79 -> 4
B80: =I80 -> glycine | C80: 0 | D80: 0 | E80: 0 | I80: glycine | J80: C2H5NO2 | K80: 0 | L80: 2 | M80: 5 | N80: 1 | O80: 2 | R80: =(4*L80)+(M80)+(-3*N80)+(-2*O80)+(5*P80)+(-2*Q80)+(-1*K80) -> 6 | T80: =((4*(L80))+(M80)+(5*N80)+(-2*O80)+(5*P80)+(6*Q80)+(-K80))/L80 -> 7 | U80: =((4*(L80))+(M80)+(-3*N80)+(-2*O80)+(5*P80)+(6*Q80)+(-K80))/L80 -> 3 | V80: =((4*(L80))+(M80)+(0*N80)+(-2*O80)+(5*P80)+(6*Q80)+(-K80))/L80 -> 4.5
B81: =I81 -> glycogen_consumed | C81: 0 | D81: 0 | E81: 0 | I81: glycogen_consumed | J81: C6H8O4 | K81: 0 | L81: 6 | M81: 8 | O81: 4 | R81: =(4*L81)+(M81)+(-3*N81)+(-2*O81)+(5*P81)+(-2*Q81)+(-1*K81) -> 24 | T81: =((4*(L81))+(M81)+(5*N81)+(-2*O81)+(5*P81)+(6*Q81)+(-K81))/L81 -> 4 | U81: =((4*(L81))+(M81)+(-3*N81)+(-2*O81)+(5*P81)+(6*Q81)+(-K81))/L81 -> 4 | V81: =((4*(L81))+(M81)+(0*N81)+(-2*O81)+(5*P81)+(6*Q81)+(-K81))/L81 -> 4
B82: =I82 -> glycogen_consumed_ext | C82: 0 | D82: 0 | E82: 1 | I82: glycogen_consumed_ext | J82: C6H8O4 | K82: 0 | L82: 6 | M82: 8 | O82: 4 | R82: =(4*L82)+(M82)+(-3*N82)+(-2*O82)+(5*P82)+(-2*Q82)+(-1*K82) -> 24 | T82: =((4*(L82))+(M82)+(5*N82)+(-2*O82)+(5*P82)+(6*Q82)+(-K82))/L82 -> 4 | U82: =((4*(L82))+(M82)+(-3*N82)+(-2*O82)+(5*P82)+(6*Q82)+(-K82))/L82 -> 4 | V82: =((4*(L82))+(M82)+(0*N82)+(-2*O82)+(5*P82)+(6*Q82)+(-K82))/L82 -> 4
B83: =I83 -> glycogen_produced | C83: 0 | D83: 0 | E83: 0 | I83: glycogen_produced | J83: C6H8O4 | K83: 0 | L83: 6 | M83: 8 | O83: 4 | R83: =(4*L83)+(M83)+(-3*N83)+(-2*O83)+(5*P83)+(-2*Q83)+(-1*K83) -> 24 | T83: =((4*(L83))+(M83)+(5*N83)+(-2*O83)+(5*P83)+(6*Q83)+(-K83))/L83 -> 4 | U83: =((4*(L83))+(M83)+(-3*N83)+(-2*O83)+(5*P83)+(6*Q83)+(-K83))/L83 -> 4 | V83: =((4*(L83))+(M83)+(0*N83)+(-2*O83)+(5*P83)+(6*Q83)+(-K83))/L83 -> 4
B84: =I84 -> glycogen_produced_ext | C84: 0 | D84: 0 | E84: 1 | I84: glycogen_produced_ext | J84: C6H8O4 | K84: 0 | L84: 6 | M84: 8 | O84: 4 | R84: =(4*L84)+(M84)+(-3*N84)+(-2*O84)+(5*P84)+(-2*Q84)+(-1*K84) -> 24 | T84: =((4*(L84))+(M84)+(5*N84)+(-2*O84)+(5*P84)+(6*Q84)+(-K84))/L84 -> 4 | U84: =((4*(L84))+(M84)+(-3*N84)+(-2*O84)+(5*P84)+(6*Q84)+(-K84))/L84 -> 4 | V84: =((4*(L84))+(M84)+(0*N84)+(-2*O84)+(5*P84)+(6*Q84)+(-K84))/L84 -> 4
B85: =I85 -> glyoxylate | C85: 0 | D85: 0 | E85: 0 | I85: glyoxylate | J85: C2HO3 | K85: -1 | L85: 2 | M85: 1 | O85: 3 | R85: 4 | T85: =((4*(L85))+(M85)+(5*N85)+(-2*O85)+(5*P85)+(6*Q85)+(-K85))/L85 -> 2 | U85: =((4*(L85))+(M85)+(-3*N85)+(-2*O85)+(5*P85)+(6*Q85)+(-K85))/L85 -> 2 | V85: =((4*(L85))+(M85)+(0*N85)+(-2*O85)+(5*P85)+(6*Q85)+(-K85))/L85 -> 2
B86: =I86 -> GWP100 | C86: 0 | D86: 0 | E86: 1 | I86: GWP100 | T86: =((4*(L86))+(M86)+(5*N86)+(-2*O86)+(5*P86)+(6*Q86)+(-K86))/L86 -> #DIV/0! | U86: =((4*(L86))+(M86)+(-3*N86)+(-2*O86)+(5*P86)+(6*Q86)+(-K86))/L86 -> #DIV/0! | V86: =((4*(L86))+(M86)+(0*N86)+(-2*O86)+(5*P86)+(6*Q86)+(-K86))/L86 -> #DIV/0!
B87: =I87 -> GWP20 | C87: 0 | D87: 0 | E87: 1 | I87: GWP20 | T87: =((4*(L87))+(M87)+(5*N87)+(-2*O87)+(5*P87)+(6*Q87)+(-K87))/L87 -> #DIV/0! | U87: =((4*(L87))+(M87)+(-3*N87)+(-2*O87)+(5*P87)+(6*Q87)+(-K87))/L87 -> #DIV/0! | V87: =((4*(L87))+(M87)+(0*N87)+(-2*O87)+(5*P87)+(6*Q87)+(-K87))/L87 -> #DIV/0!
B88: =I88 -> H_pmf | C88: 0 | D88: 0 | E88: 0 | I88: H_pmf | J88: H | K88: 1 | M88: 1 | R88: =(4*L88)+(M88)+(-3*N88)+(-2*O88)+(5*P88)+(-2*Q88)+(-1*K88) -> 0 | T88: =((4*(L88))+(M88)+(5*N88)+(-2*O88)+(5*P88)+(6*Q88)+(-K88))/L88 -> #DIV/0! | U88: =((4*(L88))+(M88)+(-3*N88)+(-2*O88)+(5*P88)+(6*Q88)+(-K88))/L88 -> #DIV/0! | V88: =((4*(L88))+(M88)+(0*N88)+(-2*O88)+(5*P88)+(6*Q88)+(-K88))/L88 -> #DIV/0!
B89: =I89 -> H+ | C89: 0 | D89: 0 | E89: 0 | I89: H+ | J89: H | K89: 1 | M89: 1 | R89: =(4*L89)+(M89)+(-3*N89)+(-2*O89)+(5*P89)+(-2*Q89)+(-1*K89) -> 0 | T89: =((4*(L89))+(M89)+(5*N89)+(-2*O89)+(5*P89)+(6*Q89)+(-K89))/L89 -> #DIV/0! | U89: =((4*(L89))+(M89)+(-3*N89)+(-2*O89)+(5*P89)+(6*Q89)+(-K89))/L89 -> #DIV/0! | V89: =((4*(L89))+(M89)+(0*N89)+(-2*O89)+(5*P89)+(6*Q89)+(-K89))/L89 -> #DIV/0!
B90: =I90 -> H+_ext | C90: 0 | D90: 0 | E90: 1 | I90: H+_ext | J90: H | K90: 1 | M90: 1 | R90: =(4*L90)+(M90)+(-3*N90)+(-2*O90)+(5*P90)+(-2*Q90)+(-1*K90) -> 0 | T90: =((4*(L90))+(M90)+(5*N90)+(-2*O90)+(5*P90)+(6*Q90)+(-K90))/L90 -> #DIV/0! | U90: =((4*(L90))+(M90)+(-3*N90)+(-2*O90)+(5*P90)+(6*Q90)+(-K90))/L90 -> #DIV/0! | V90: =((4*(L90))+(M90)+(0*N90)+(-2*O90)+(5*P90)+(6*Q90)+(-K90))/L90 -> #DIV/0!
B91: =I91 -> H2 | C91: 0 | D91: 0 | E91: 0 | I91: H2 | J91: H2 | K91: 0 | M91: 2 | R91: =(4*L91)+(M91)+(-3*N91)+(-2*O91)+(5*P91)+(-2*Q91)+(-1*K91) -> 2 | T91: =((4*(L91))+(M91)+(5*N91)+(-2*O91)+(5*P91)+(6*Q91)+(-K91))/L91 -> #DIV/0! | U91: =((4*(L91))+(M91)+(-3*N91)+(-2*O91)+(5*P91)+(6*Q91)+(-K91))/L91 -> #DIV/0! | V91: =((4*(L91))+(M91)+(0*N91)+(-2*O91)+(5*P91)+(6*Q91)+(-K91))/L91 -> #DIV/0!
B92: =I92 -> H2_ext | C92: 0 | D92: 0 | E92: 1 | I92: H2_ext | J92: H2 | K92: 0 | M92: 2 | R92: =(4*L92)+(M92)+(-3*N92)+(-2*O92)+(5*P92)+(-2*Q92)+(-1*K92) -> 2 | T92: =((4*(L92))+(M92)+(5*N92)+(-2*O92)+(5*P92)+(6*Q92)+(-K92))/L92 -> #DIV/0! | U92: =((4*(L92))+(M92)+(-3*N92)+(-2*O92)+(5*P92)+(6*Q92)+(-K92))/L92 -> #DIV/0! | V92: =((4*(L92))+(M92)+(0*N92)+(-2*O92)+(5*P92)+(6*Q92)+(-K92))/L92 -> #DIV/0!
B93: =I93 -> H2O | C93: 0 | D93: 0 | E93: 0 | I93: H2O | J93: H2O | K93: 0 | M93: 2 | O93: 1 | R93: =(4*L93)+(M93)+(-3*N93)+(-2*O93)+(5*P93)+(-2*Q93)+(-1*K93) -> 0 | T93: =((4*(L93))+(M93)+(5*N93)+(-2*O93)+(5*P93)+(6*Q93)+(-K93))/L93 -> #DIV/0! | U93: =((4*(L93))+(M93)+(-3*N93)+(-2*O93)+(5*P93)+(6*Q93)+(-K93))/L93 -> #DIV/0! | V93: =((4*(L93))+(M93)+(0*N93)+(-2*O93)+(5*P93)+(6*Q93)+(-K93))/L93 -> #DIV/0!
B94: =I94 -> H2O_ext | C94: 0 | D94: 0 | E94: 1 | I94: H2O_ext | J94: H2O | K94: 0 | M94: 2 | O94: 1 | R94: =(4*L94)+(M94)+(-3*N94)+(-2*O94)+(5*P94)+(-2*Q94)+(-1*K94) -> 0 | T94: =((4*(L94))+(M94)+(5*N94)+(-2*O94)+(5*P94)+(6*Q94)+(-K94))/L94 -> #DIV/0! | U94: =((4*(L94))+(M94)+(-3*N94)+(-2*O94)+(5*P94)+(6*Q94)+(-K94))/L94 -> #DIV/0! | V94: =((4*(L94))+(M94)+(0*N94)+(-2*O94)+(5*P94)+(6*Q94)+(-K94))/L94 -> #DIV/0!
B95: =I95 -> hexulose_6-phosphate | C95: 0 | D95: 0 | E95: 0 | I95: hexulose_6-phosphate | J95: C6H11O9P | K95: -2 | L95: 6 | M95: 11 | O95: 9 | P95: 1 | R95: =(4*L95)+(M95)+(-3*N95)+(-2*O95)+(5*P95)+(-2*Q95)+(-1*K95) -> 24 | T95: =((4*(L95))+(M95)+(5*N95)+(-2*O95)+(5*P95)+(6*Q95)+(-K95))/L95 -> 4 | U95: =((4*(L95))+(M95)+(-3*N95)+(-2*O95)+(5*P95)+(6*Q95)+(-K95))/L95 -> 4 | V95: =((4*(L95))+(M95)+(0*N95)+(-2*O95)+(5*P95)+(6*Q95)+(-K95))/L95 -> 4
B96: =I96 -> hydrogen_peroxide | C96: 0 | D96: 0 | E96: 0 | I96: hydrogen_peroxide | J96: H2O2 | K96: 0 | M96: 2 | O96: 2 | R96: =(4*L96)+(M96)+(-3*N96)+(-2*O96)+(5*P96)+(-2*Q96)+(-1*K96) -> -2 | T96: =((4*(L96))+(M96)+(5*N96)+(-2*O96)+(5*P96)+(6*Q96)+(-K96))/L96 -> #DIV/0! | U96: =((4*(L96))+(M96)+(-3*N96)+(-2*O96)+(5*P96)+(6*Q96)+(-K96))/L96 -> #DIV/0! | V96: =((4*(L96))+(M96)+(0*N96)+(-2*O96)+(5*P96)+(6*Q96)+(-K96))/L96 -> #DIV/0!
B97: =I97 -> hydrogen_peroxide_ext | C97: 0 | D97: 0 | E97: 1 | I97: hydrogen_peroxide_ext | J97: H2O2 | K97: 0 | M97: 2 | O97: 2 | R97: =(4*L97)+(M97)+(-3*N97)+(-2*O97)+(5*P97)+(-2*Q97)+(-1*K97) -> -2 | T97: =((4*(L97))+(M97)+(5*N97)+(-2*O97)+(5*P97)+(6*Q97)+(-K97))/L97 -> #DIV/0! | U97: =((4*(L97))+(M97)+(-3*N97)+(-2*O97)+(5*P97)+(6*Q97)+(-K97))/L97 -> #DIV/0! | V97: =((4*(L97))+(M97)+(0*N97)+(-2*O97)+(5*P97)+(6*Q97)+(-K97))/L97 -> #DIV/0!
B98: =I98 -> hydrogencarbonate | C98: 0 | D98: 0 | E98: 0 | I98: hydrogencarbonate | J98: CHO3 | K98: -1 | L98: 1 | M98: 1 | O98: 3 | R98: 0 | T98: =((4*(L98))+(M98)+(5*N98)+(-2*O98)+(5*P98)+(6*Q98)+(-K98))/L98 -> 0 | U98: =((4*(L98))+(M98)+(-3*N98)+(-2*O98)+(5*P98)+(6*Q98)+(-K98))/L98 -> 0 | V98: =((4*(L98))+(M98)+(0*N98)+(-2*O98)+(5*P98)+(6*Q98)+(-K98))/L98 -> 0
B99: =I99 -> hydroxylamine | C99: 0 | D99: 0 | E99: 0 | I99: hydroxylamine | J99: H3NO | K99: 0 | L99: 0 | M99: 3 | N99: 1 | O99: 1 | R99: =(4*L99)+(M99)+(-3*N99)+(-2*O99)+(5*P99)+(-2*Q99)+(-1*K99) -> -2 | T99: =((4*(L99))+(M99)+(5*N99)+(-2*O99)+(5*P99)+(6*Q99)+(-K99))/L99 -> #DIV/0! | U99: =((4*(L99))+(M99)+(-3*N99)+(-2*O99)+(5*P99)+(6*Q99)+(-K99))/L99 -> #DIV/0! | V99: =((4*(L99))+(M99)+(0*N99)+(-2*O99)+(5*P99)+(6*Q99)+(-K99))/L99 -> #DIV/0!
B100: =I100 -> hydroxypyruvate | C100: 0 | D100: 0 | E100: 0 | I100: hydroxypyruvate | J100: C3H3O4 | K100: -1 | L100: 3 | M100: 3 | O100: 4 | R100: 8 | T100: =((4*(L100))+(M100)+(5*N100)+(-2*O100)+(5*P100)+(6*Q100)+(-K100))/L100 -> 2.6666667 | U100: =((4*(L100))+(M100)+(-3*N100)+(-2*O100)+(5*P100)+(6*Q100)+(-K100))/L100 -> 2.6666667 | V100: =((4*(L100))+(M100)+(0*N100)+(-2*O100)+(5*P100)+(6*Q100)+(-K100))/L100 -> 2.6666667
...

Sheet model balance analysis
A1: Metabolites::Reactions | B1: Reaction_Reversibilities | C1: _2R__ethylmalonyl_CoA | D1: _2R_3S__B_methylmalyl_CoA | E1: _2S__ethylmalonyl_CoA | F1: _2S__methylsuccinyl_CoA | G1: _3R__3_hydroxybutanoyl_CoA | H1: _R__lactate | I1: _R__lactate_ext | J1: _R__methylmalonyl_CoA | K1: _S__malate | L1: _S__malyl_CoA | M1: _S__methylmalonyl_CoA | N1: 10_formyl_tetrahydrofolate | O1: 2_dehydro_3_deoxy_D_gluconate_6_phosphate | P1: 2_methylfumaryl_CoA | Q1: 2_oxoglutarate | R1: 2_phospho_D_glycerate | S1: 3_hydroxybutanoate | T1: 3_phospho_D_glycerate | U1: 3_phospho_D_glycerol_phosphate | V1: 5_10_methenyltetrahydrofolate | W1: 5_10_methenyltetrahydromethanopterin | X1: 5_10_methylenetetrahydrofolate | Y1: 5_10_methylene_tetrahydromethanopterin | Z1: 5_formyl_tetrahydromethanopterin | AA1: 6_phospho_D_glucono_1_5_lactone | AB1: acetaldehyde | AC1: acetate | AD1: acetate_ext | AE1: acetoacetate | AF1: acetoacetyl_CoA | AG1: acetone | AH1: acetone_ext | AI1: acetyl_phosphate | AJ1: acetyl_CoA | AK1: a_D_glucopyranose_1_phosphate | AL1: ADP | AM1: ADP_a_D_glucose | AN1: ammonia | AO1: ammonium | AP1: ammonium_ext | AQ1: AMP | AR1: ATP | AS1: ATP_main | AT1: B_D_fructofuranose_1_6_bisphosphate | AU1: B_D_fructofuranose_6_phosphate | AV1: biomass_1 | AW1: biomass_2 | AX1: citrate | AY1: CO2 | AZ1: CO2_eq_100 | BA1: CO2_eq_20 | BB1: CO2_ext | BC1: coenzyme_A | BD1: crotonyl_CoA | BE1: cytc | BF1: cytcE | BG1: D_erythrose_4_phosphate | BH1: D_gluconate_6_phosphate | BI1: D_glucopyranose_6_phosphate | BJ1: D_glyceraldehyde_3_phosphate | BK1: D_glycerate | BL1: diphosphate | BM1: D_ribose_5_phosphate | BN1: D_ribulose_5_phosphate | BO1: D_sedoheptulose_7_phosphate | BP1: D_threo_isocitrate | BQ1: D_xylulose_5_phosphate | BR1: ethanol | BS1: ethanol_ext | BT1: ferredoxin_oxidized | BU1: ferredoxin_reduced | BV1: formaldehyde | BW1: formaldehyde_ext | BX1: formate | BY1: formate_ext | BZ1: fumarate | CA1: g_L_glutamyl_5_phosphate | CB1: glycerone_phosphate | CC1: glycine | CD1: glycogen_consumed | CE1: glycogen_consumed_ext | CF1: glycogen_produced | CG1: glycogen_produced_ext | CH1: glyoxylate | CI1: GWP100 | CJ1: GWP20 | CK1: H_pmf | CL1: H_ | CM1: H__ext | CN1: H2 | CO1: H2_ext | CP1: H2O | CQ1: H2O_ext | CR1: hexulose_6_phosphate | CS1: hydrogen_peroxide | CT1: hydrogen_peroxide_ext | CU1: hydrogencarbonate | CV1: hydroxylamine | CW1: hydroxypyruvate | CX1: L_glutamate | CY1: L_glutamate_5_semialdehyde | CZ1: L_glutamine | DA1: L_ornithine | DB1: L_serine | DC1: methane | DD1: methane_ext | DE1: methanol | DF1: methanol_ext | DG1: N_GLN | DH1: N_GLU | DI1: N2 | DJ1: N2_ext | DK1: NAD_ | DL1: NADH | DM1: NADP_ | DN1: NADPH | DO1: nitrate | DP1: nitrate_ext | DQ1: nitric_oxide | DR1: nitrite | DS1: nitrous_oxide | DT1: nitrous_oxide_ext | DU1: O2 | DV1: O2_ext | DW1: oxaloacetate | DX1: phosphate | DY1: phosphate_ext | DZ1: phosphoenolpyruvate | EA1: polyhydroxybutyrate_consumed | EB1: polyhydroxybutyrate_consumed_ext | EC1: polyhydroxybutyrate_produced | ED1: polyhydroxybutyrate_produced_ext | EE1: propanoyl_CoA | EF1: putrescine | EG1: putrescine_ext | EH1: pyruvate | EI1: pyruvate_ext | EJ1: Q | EK1: QH2 | EL1: succinate | EM1: succinate_ext | EN1: succinyl_CoA | EO1: tetrahydrofolate | EP1: tetrahydromethanopterin | ET1: name in model | EU1: chemical formula | EV1: charge | EW1: C | EX1: H | EY1: N | EZ1: O | FA1: P | FB1: S | FC1: E | FE1: NO3- degree of reduction | FF1: NH4+ degree of reduction | FG1: N2 degree of reduction | FM1: C | FN1: H | FO1: N | FP1: O | FQ1: P | FR1: S | FS1: E (NH3 basis)
A2: R1 | B2: 0 | C2: 0 | D2: 0 | E2: 0 | F2: 0 | G2: 0 | H2: 0 | I2: 0 | J2: 0 | K2: 0 | L2: 0 | M2: 0 | N2: 0 | O2: 0 | P2: 0 | Q2: 0 | R2: 0 | S2: 0 | T2: 0 | U2: 0 | V2: 0 | W2: 0 | X2: 0 | Y2: 0 | Z2: 0 | AA2: 0 | AB2: 0 | AC2: 0 | AD2: 0 | AE2: 0 | AF2: 0 | AG2: 0 | AH2: 0 | AI2: 0 | AJ2: 0 | AK2: 0 | AL2: 0 | AM2: 0 | AN2: 0 | AO2: 0 | AP2: 0 | AQ2: 0 | AR2: 0 | AS2: 0 | AT2: 0 | AU2: 0 | AV2: 0 | AW2: 0 | AX2: 0 | AY2: 0 | AZ2: 0 | BA2: 0 | BB2: 0 | BC2: 0 | BD2: 0 | BE2: 0 | BF2: 0 | BG2: 0 | BH2: 0 | BI2: 0 | BJ2: 0 | BK2: 0 | BL2: 0 | BM2: 0 | BN2: 0 | BO2: 0 | BP2: 0 | BQ2: 0 | BR2: 0 | BS2: 0 | BT2: 0 | BU2: 0 | BV2: 0 | BW2: 0 | BX2: 0 | BY2: 0 | BZ2: 0 | CA2: 0 | CB2: 0 | CC2: 0 | CD2: 0 | CE2: 0 | CF2: 0 | CG2: 0 | CH2: 0 | CI2: 0 | CJ2: 0 | CK2: 0 | CL2: 0 | CM2: 0 | CN2: 0 | CO2: 0 | CP2: 1 | CQ2: 0 | CR2: 0 | CS2: 0 | CT2: 0 | CU2: 0 | CV2: 0 | CW2: 0 | CX2: 0 | CY2: 0 | CZ2: 0 | DA2: 0 | DB2: 0 | DC2: -1 | DD2: 0 | DE2: 1 | DF2: 0 | DG2: 0 | DH2: 0 | DI2: 0 | DJ2: 0 | DK2: 0 | DL2: 0 | DM2: 0 | DN2: 0 | DO2: 0 | DP2: 0 | DQ2: 0 | DR2: 0 | DS2: 0 | DT2: 0 | DU2: -1 | DV2: 0 | DW2: 0 | DX2: 0 | DY2: 0 | DZ2: 0 | EA2: 0 | EB2: 0 | EC2: 0 | ED2: 0 | EE2: 0 | EF2: 0 | EG2: 0 | EH2: 0 | EI2: 0 | EJ2: 1 | EK2: -1 | EL2: 0 | EM2: 0 | EN2: 0 | EO2: 0 | EP2: 0 | ET2: (2R)-ethylmalonyl-CoA | EU2: C26H37N7O19P3S | EV2: -5 | EW2: 26 | EX2: 37 | EY2: 7 | EZ2: 19 | FA2: 3 | FB2: 1 | FC2: =(4*EW2)+(EX2)+(-3*EY2)+(-2*EZ2)+(5*FA2)+(-2*FB2)+(-1*EV2) -> 100 | FE2: =((4*(EW2))+(EX2)+(5*EY2)+(-2*EZ2)+(5*FA2)+(6*FB2)+(-EV2))/EW2 -> 6.3076923 | FF2: =((4*(EW2))+(EX2)+(-3*EY2)+(-2*EZ2)+(5*FA2)+(6*FB2)+(-EV2))/EW2 -> 4.1538462 | FG2: =((4*(EW2))+(EX2)+(0*EY2)+(-2*EZ2)+(5*FA2)+(6*FB2)+(-EV2))/EW2 -> 4.9615385 | FM2: =MMULT($C2:$EP2,EW$2:EW$145) -> 0 | FN2: =MMULT($C2:$EP2,EX$2:EX$145) -> 0 | FO2: =MMULT($C2:$EP2,EY$2:EY$145) -> 0 | FP2: =MMULT($C2:$EP2,EZ$2:EZ$145) -> 0 | FQ2: =MMULT($C2:$EP2,FA$2:FA$145) -> 0 | FR2: =MMULT($C2:$EP2,FB$2:FB$145) -> 0 | FS2: =MMULT($C2:$EP2,FC$2:FC$145) -> 0 | FV2: Reaction 1: R1 : | FW2: methane + O2 + QH2 ==> H2O + methanol + Q
A3: R2 | B3: 0 | C3: 0 | D3: 0 | E3: 0 | F3: 0 | G3: 0 | H3: 0 | I3: 0 | J3: 0 | K3: 0 | L3: 0 | M3: 0 | N3: 0 | O3: 0 | P3: 0 | Q3: 0 | R3: 0 | S3: 0 | T3: 0 | U3: 0 | V3: 0 | W3: 0 | X3: 0 | Y3: 0 | Z3: 0 | AA3: 0 | AB3: 0 | AC3: 0 | AD3: 0 | AE3: 0 | AF3: 0 | AG3: 0 | AH3: 0 | AI3: 0 | AJ3: 0 | AK3: 0 | AL3: 0 | AM3: 0 | AN3: 0 | AO3: 0 | AP3: 0 | AQ3: 0 | AR3: 0 | AS3: 0 | AT3: 0 | AU3: 0 | AV3: 0 | AW3: 0 | AX3: 0 | AY3: 0 | AZ3: 0 | BA3: 0 | BB3: 0 | BC3: 0 | BD3: 0 | BE3: 0 | BF3: 0 | BG3: 0 | BH3: 0 | BI3: 0 | BJ3: 0 | BK3: 0 | BL3: 0 | BM3: 0 | BN3: 0 | BO3: 0 | BP3: 0 | BQ3: 0 | BR3: 0 | BS3: 0 | BT3: 0 | BU3: 0 | BV3: 0 | BW3: 0 | BX3: 0 | BY3: 0 | BZ3: 0 | CA3: 0 | CB3: 0 | CC3: 0 | CD3: 0 | CE3: 0 | CF3: 0 | CG3: 0 | CH3: 0 | CI3: 0 | CJ3: 0 | CK3: 0 | CL3: -1 | CM3: 0 | CN3: 0 | CO3: 0 | CP3: 1 | CQ3: 0 | CR3: 0 | CS3: 0 | CT3: 0 | CU3: 0 | CV3: 0 | CW3: 0 | CX3: 0 | CY3: 0 | CZ3: 0 | DA3: 0 | DB3: 0 | DC3: -1 | DD3: 0 | DE3: 1 | DF3: 0 | DG3: 0 | DH3: 0 | DI3: 0 | DJ3: 0 | DK3: 1 | DL3: -1 | DM3: 0 | DN3: 0 | DO3: 0 | DP3: 0 | DQ3: 0 | DR3: 0 | DS3: 0 | DT3: 0 | DU3: -1 | DV3: 0 | DW3: 0 | DX3: 0 | DY3: 0 | DZ3: 0 | EA3: 0 | EB3: 0 | EC3: 0 | ED3: 0 | EE3: 0 | EF3: 0 | EG3: 0 | EH3: 0 | EI3: 0 | EJ3: 0 | EK3: 0 | EL3: 0 | EM3: 0 | EN3: 0 | EO3: 0 | EP3: 0 | ET3: (2R,3S)-B-methylmalyl-CoA | EU3: C26H37N7O20P3S | EV3: -5 | EW3: 26 | EX3: 37 | EY3: 7 | EZ3: 20 | FA3: 3 | FB3: 1 | FC3: =(4*EW3)+(EX3)+(-3*EY3)+(-2*EZ3)+(5*FA3)+(-2*FB3)+(-1*EV3) -> 98 | FE3: =((4*(EW3))+(EX3)+(5*EY3)+(-2*EZ3)+(5*FA3)+(6*FB3)+(-EV3))/EW3 -> 6.2307692 | FF3: =((4*(EW3))+(EX3)+(-3*EY3)+(-2*EZ3)+(5*FA3)+(6*FB3)+(-EV3))/EW3 -> 4.0769231 | FG3: =((4*(EW3))+(EX3)+(0*EY3)+(-2*EZ3)+(5*FA3)+(6*FB3)+(-EV3))/EW3 -> 4.8846154 | FM3: =MMULT($C3:$EP3,EW$2:EW$145) -> 0 | FN3: =MMULT($C3:$EP3,EX$2:EX$145) -> 0 | FO3: =MMULT($C3:$EP3,EY$2:EY$145) -> 0 | FP3: =MMULT($C3:$EP3,EZ$2:EZ$145) -> 0 | FQ3: =MMULT($C3:$EP3,FA$2:FA$145) -> 0 | FR3: =MMULT($C3:$EP3,FB$2:FB$145) -> 0 | FS3: =MMULT($C3:$EP3,FC$2:FC$145) -> 0 | FV3: Reaction 2: R2 : | FW3: H_ + methane + NADH + O2 ==> H2O + methanol + NAD_
A4: direct_coupling | B4: 0 | C4: 0 | D4: 0 | E4: 0 | F4: 0 | G4: 0 | H4: 0 | I4: 0 | J4: 0 | K4: 0 | L4: 0 | M4: 0 | N4: 0 | O4: 0 | P4: 0 | Q4: 0 | R4: 0 | S4: 0 | T4: 0 | U4: 0 | V4: 0 | W4: 0 | X4: 0 | Y4: 0 | Z4: 0 | AA4: 0 | AB4: 0 | AC4: 0 | AD4: 0 | AE4: 0 | AF4: 0 | AG4: 0 | AH4: 0 | AI4: 0 | AJ4: 0 | AK4: 0 | AL4: 0 | AM4: 0 | AN4: 0 | AO4: 0 | AP4: 0 | AQ4: 0 | AR4: 0 | AS4: 0 | AT4: 0 | AU4: 0 | AV4: 0 | AW4: 0 | AX4: 0 | AY4: 0 | AZ4: 0 | BA4: 0 | BB4: 0 | BC4: 0 | BD4: 0 | BE4: 0 | BF4: 0 | BG4: 0 | BH4: 0 | BI4: 0 | BJ4: 0 | BK4: 0 | BL4: 0 | BM4: 0 | BN4: 0 | BO4: 0 | BP4: 0 | BQ4: 0 | BR4: 0 | BS4: 0 | BT4: 0 | BU4: 0 | BV4: 1 | BW4: 0 | BX4: 0 | BY4: 0 | BZ4: 0 | CA4: 0 | CB4: 0 | CC4: 0 | CD4: 0 | CE4: 0 | CF4: 0 | CG4: 0 | CH4: 0 | CI4: 0 | CJ4: 0 | CK4: 0 | CL4: 0 | CM4: 0 | CN4: 0 | CO4: 0 | CP4: 1 | CQ4: 0 | CR4: 0 | CS4: 0 | CT4: 0 | CU4: 0 | CV4: 0 | CW4: 0 | CX4: 0 | CY4: 0 | CZ4: 0 | DA4: 0 | DB4: 0 | DC4: -1 | DD4: 0 | DE4: 0 | DF4: 0 | DG4: 0 | DH4: 0 | DI4: 0 | DJ4: 0 | DK4: 0 | DL4: 0 | DM4: 0 | DN4: 0 | DO4: 0 | DP4: 0 | DQ4: 0 | DR4: 0 | DS4: 0 | DT4: 0 | DU4: -1 | DV4: 0 | DW4: 0 | DX4: 0 | DY4: 0 | DZ4: 0 | EA4: 0 | EB4: 0 | EC4: 0 | ED4: 0 | EE4: 0 | EF4: 0 | EG4: 0 | EH4: 0 | EI4: 0 | EJ4: 0 | EK4: 0 | EL4: 0 | EM4: 0 | EN4: 0 | EO4: 0 | EP4: 0 | ET4: (2S)-ethylmalonyl-CoA | EU4: C26H37N7O19P3S | EV4: -5 | EW4: 26 | EX4: 37 | EY4: 7 | EZ4: 19 | FA4: 3 | FB4: 1 | FC4: =(4*EW4)+(EX4)+(-3*EY4)+(-2*EZ4)+(5*FA4)+(-2*FB4)+(-1*EV4) -> 100 | FE4: =((4*(EW4))+(EX4)+(5*EY4)+(-2*EZ4)+(5*FA4)+(6*FB4)+(-EV4))/EW4 -> 6.3076923 | FF4: =((4*(EW4))+(EX4)+(-3*EY4)+(-2*EZ4)+(5*FA4)+(6*FB4)+(-EV4))/EW4 -> 4.1538462 | FG4: =((4*(EW4))+(EX4)+(0*EY4)+(-2*EZ4)+(5*FA4)+(6*FB4)+(-EV4))/EW4 -> 4.9615385 | FM4: =MMULT($C4:$EP4,EW$2:EW$145) -> 0 | FN4: =MMULT($C4:$EP4,EX$2:EX$145) -> 0 | FO4: =MMULT($C4:$EP4,EY$2:EY$145) -> 0 | FP4: =MMULT($C4:$EP4,EZ$2:EZ$145) -> 0 | FQ4: =MMULT($C4:$EP4,FA$2:FA$145) -> 0 | FR4: =MMULT($C4:$EP4,FB$2:FB$145) -> 0 | FS4: =MMULT($C4:$EP4,FC$2:FC$145) -> 0 | FV4: Reaction 3: direct_coupling : | FW4: methane + O2 ==> formaldehyde + H2O
A5: R3 | B5: 0 | C5: 0 | D5: 0 | E5: 0 | F5: 0 | G5: 0 | H5: 0 | I5: 0 | J5: 0 | K5: 0 | L5: 0 | M5: 0 | N5: 0 | O5: 0 | P5: 0 | Q5: 0 | R5: 0 | S5: 0 | T5: 0 | U5: 0 | V5: 0 | W5: 0 | X5: 0 | Y5: 0 | Z5: 0 | AA5: 0 | AB5: 0 | AC5: 0 | AD5: 0 | AE5: 0 | AF5: 0 | AG5: 0 | AH5: 0 | AI5: 0 | AJ5: 0 | AK5: 0 | AL5: 0 | AM5: 0 | AN5: 0 | AO5: 0 | AP5: 0 | AQ5: 0 | AR5: 0 | AS5: 0 | AT5: 0 | AU5: 0 | AV5: 0 | AW5: 0 | AX5: 0 | AY5: 0 | AZ5: 0 | BA5: 0 | BB5: 0 | BC5: 0 | BD5: 0 | BE5: -2 | BF5: 2 | BG5: 0 | BH5: 0 | BI5: 0 | BJ5: 0 | BK5: 0 | BL5: 0 | BM5: 0 | BN5: 0 | BO5: 0 | BP5: 0 | BQ5: 0 | BR5: 0 | BS5: 0 | BT5: 0 | BU5: 0 | BV5: 1 | BW5: 0 | BX5: 0 | BY5: 0 | BZ5: 0 | CA5: 0 | CB5: 0 | CC5: 0 | CD5: 0 | CE5: 0 | CF5: 0 | CG5: 0 | CH5: 0 | CI5: 0 | CJ5: 0 | CK5: 2 | CL5: 0 | CM5: 0 | CN5: 0 | CO5: 0 | CP5: 0 | CQ5: 0 | CR5: 0 | CS5: 0 | CT5: 0 | CU5: 0 | CV5: 0 | CW5: 0 | CX5: 0 | CY5: 0 | CZ5: 0 | DA5: 0 | DB5: 0 | DC5: 0 | DD5: 0 | DE5: -1 | DF5: 0 | DG5: 0 | DH5: 0 | DI5: 0 | DJ5: 0 | DK5: 0 | DL5: 0 | DM5: 0 | DN5: 0 | DO5: 0 | DP5: 0 | DQ5: 0 | DR5: 0 | DS5: 0 | DT5: 0 | DU5: 0 | DV5: 0 | DW5: 0 | DX5: 0 | DY5: 0 | DZ5: 0 | EA5: 0 | EB5: 0 | EC5: 0 | ED5: 0 | EE5: 0 | EF5: 0 | EG5: 0 | EH5: 0 | EI5: 0 | EJ5: 0 | EK5: 0 | EL5: 0 | EM5: 0 | EN5: 0 | EO5: 0 | EP5: 0 | ET5: (2S)-methylsuccinyl-CoA | EU5: C26H37N7O19P3S | EV5: -5 | EW5: 26 | EX5: 37 | EY5: 7 | EZ5: 19 | FA5: 3 | FB5: 1 | FC5: =(4*EW5)+(EX5)+(-3*EY5)+(-2*EZ5)+(5*FA5)+(-2*FB5)+(-1*EV5) -> 100 | FE5: =((4*(EW5))+(EX5)+(5*EY5)+(-2*EZ5)+(5*FA5)+(6*FB5)+(-EV5))/EW5 -> 6.3076923 | FF5: =((4*(EW5))+(EX5)+(-3*EY5)+(-2*EZ5)+(5*FA5)+(6*FB5)+(-EV5))/EW5 -> 4.1538462 | FG5: =((4*(EW5))+(EX5)+(0*EY5)+(-2*EZ5)+(5*FA5)+(6*FB5)+(-EV5))/EW5 -> 4.9615385 | FM5: =MMULT($C5:$EP5,EW$2:EW$145) -> 0 | FN5: =MMULT($C5:$EP5,EX$2:EX$145) -> 0 | FO5: =MMULT($C5:$EP5,EY$2:EY$145) -> 0 | FP5: =MMULT($C5:$EP5,EZ$2:EZ$145) -> 0 | FQ5: =MMULT($C5:$EP5,FA$2:FA$145) -> 0 | FR5: =MMULT($C5:$EP5,FB$2:FB$145) -> 0 | FS5: =MMULT($C5:$EP5,FC$2:FC$145) -> 0 | FV5: Reaction 4: R3 : | FW5: 2 cytc + methanol ==> 2 cytcE + formaldehyde + 2 H_pmf
A6: R4 | B6: 0 | C6: 0 | D6: 0 | E6: 0 | F6: 0 | G6: 0 | H6: 0 | I6: 0 | J6: 0 | K6: 0 | L6: 0 | M6: 0 | N6: 0 | O6: 0 | P6: 0 | Q6: 0 | R6: 0 | S6: 0 | T6: 0 | U6: 0 | V6: 0 | W6: 0 | X6: 0 | Y6: 0 | Z6: 0 | AA6: 0 | AB6: 0 | AC6: 0 | AD6: 0 | AE6: 0 | AF6: 0 | AG6: 0 | AH6: 0 | AI6: 0 | AJ6: 0 | AK6: 0 | AL6: 0 | AM6: 0 | AN6: 0 | AO6: 0 | AP6: 0 | AQ6: 0 | AR6: 0 | AS6: 0 | AT6: 0 | AU6: 0 | AV6: 0 | AW6: 0 | AX6: 0 | AY6: 0 | AZ6: 0 | BA6: 0 | BB6: 0 | BC6: 0 | BD6: 0 | BE6: 0 | BF6: 0 | BG6: 0 | BH6: 0 | BI6: 0 | BJ6: 0 | BK6: 0 | BL6: 0 | BM6: 0 | BN6: 0 | BO6: 0 | BP6: 0 | BQ6: 0 | BR6: 0 | BS6: 0 | BT6: 0 | BU6: 0 | BV6: -1 | BW6: 0 | BX6: 1 | BY6: 0 | BZ6: 0 | CA6: 0 | CB6: 0 | CC6: 0 | CD6: 0 | CE6: 0 | CF6: 0 | CG6: 0 | CH6: 0 | CI6: 0 | CJ6: 0 | CK6: 0 | CL6: 2 | CM6: 0 | CN6: 0 | CO6: 0 | CP6: -1 | CQ6: 0 | CR6: 0 | CS6: 0 | CT6: 0 | CU6: 0 | CV6: 0 | CW6: 0 | CX6: 0 | CY6: 0 | CZ6: 0 | DA6: 0 | DB6: 0 | DC6: 0 | DD6: 0 | DE6: 0 | DF6: 0 | DG6: 0 | DH6: 0 | DI6: 0 | DJ6: 0 | DK6: -1 | DL6: 1 | DM6: 0 | DN6: 0 | DO6: 0 | DP6: 0 | DQ6: 0 | DR6: 0 | DS6: 0 | DT6: 0 | DU6: 0 | DV6: 0 | DW6: 0 | DX6: 0 | DY6: 0 | DZ6: 0 | EA6: 0 | EB6: 0 | EC6: 0 | ED6: 0 | EE6: 0 | EF6: 0 | EG6: 0 | EH6: 0 | EI6: 0 | EJ6: 0 | EK6: 0 | EL6: 0 | EM6: 0 | EN6: 0 | EO6: 0 | EP6: 0 | ET6: (3R)-3-hydroxybutanoyl-CoA | EU6: C25H38N7O18P3S | EV6: -4 | EW6: 25 | EX6: 38 | EY6: 7 | EZ6: 18 | FA6: 3 | FB6: 1 | FC6: =(4*EW6)+(EX6)+(-3*EY6)+(-2*EZ6)+(5*FA6)+(-2*FB6)+(-1*EV6) -> 98 | FE6: =((4*(EW6))+(EX6)+(5*EY6)+(-2*EZ6)+(5*FA6)+(6*FB6)+(-EV6))/EW6 -> 6.48 | FF6: =((4*(EW6))+(EX6)+(-3*EY6)+(-2*EZ6)+(5*FA6)+(6*FB6)+(-EV6))/EW6 -> 4.24 | FG6: =((4*(EW6))+(EX6)+(0*EY6)+(-2*EZ6)+(5*FA6)+(6*FB6)+(-EV6))/EW6 -> 5.08 | FM6: =MMULT($C6:$EP6,EW$2:EW$145) -> 0 | FN6: =MMULT($C6:$EP6,EX$2:EX$145) -> 0 | FO6: =MMULT($C6:$EP6,EY$2:EY$145) -> 0 | FP6: =MMULT($C6:$EP6,EZ$2:EZ$145) -> 0 | FQ6: =MMULT($C6:$EP6,FA$2:FA$145) -> 0 | FR6: =MMULT($C6:$EP6,FB$2:FB$145) -> 0 | FS6: =MMULT($C6:$EP6,FC$2:FC$145) -> 0 | FV6: Reaction 5: R4 : | FW6: formaldehyde + H2O + NAD_ ==> formate + 2 H_ + NADH
A7: R5 | B7: 0 | C7: 0 | D7: 0 | E7: 0 | F7: 0 | G7: 0 | H7: 0 | I7: 0 | J7: 0 | K7: 0 | L7: 0 | M7: 0 | N7: 0 | O7: 0 | P7: 0 | Q7: 0 | R7: 0 | S7: 0 | T7: 0 | U7: 0 | V7: 0 | W7: 0 | X7: 0 | Y7: 0 | Z7: 0 | AA7: 0 | AB7: 0 | AC7: 0 | AD7: 0 | AE7: 0 | AF7: 0 | AG7: 0 | AH7: 0 | AI7: 0 | AJ7: 0 | AK7: 0 | AL7: 0 | AM7: 0 | AN7: 0 | AO7: 0 | AP7: 0 | AQ7: 0 | AR7: 0 | AS7: 0 | AT7: 0 | AU7: 0 | AV7: 0 | AW7: 0 | AX7: 0 | AY7: 0 | AZ7: 0 | BA7: 0 | BB7: 0 | BC7: 0 | BD7: 0 | BE7: -2 | BF7: 2 | BG7: 0 | BH7: 0 | BI7: 0 | BJ7: 0 | BK7: 0 | BL7: 0 | BM7: 0 | BN7: 0 | BO7: 0 | BP7: 0 | BQ7: 0 | BR7: 0 | BS7: 0 | BT7: 0 | BU7: 0 | BV7: -1 | BW7: 0 | BX7: 1 | BY7: 0 | BZ7: 0 | CA7: 0 | CB7: 0 | CC7: 0 | CD7: 0 | CE7: 0 | CF7: 0 | CG7: 0 | CH7: 0 | CI7: 0 | CJ7: 0 | CK7: 3 | CL7: 0 | CM7: 0 | CN7: 0 | CO7: 0 | CP7: -1 | CQ7: 0 | CR7: 0 | CS7: 0 | CT7: 0 | CU7: 0 | CV7: 0 | CW7: 0 | CX7: 0 | CY7: 0 | CZ7: 0 | DA7: 0 | DB7: 0 | DC7: 0 | DD7: 0 | DE7: 0 | DF7: 0 | DG7: 0 | DH7: 0 | DI7: 0 | DJ7: 0 | DK7: 0 | DL7: 0 | DM7: 0 | DN7: 0 | DO7: 0 | DP7: 0 | DQ7: 0 | DR7: 0 | DS7: 0 | DT7: 0 | DU7: 0 | DV7: 0 | DW7: 0 | DX7: 0 | DY7: 0 | DZ7: 0 | EA7: 0 | EB7: 0 | EC7: 0 | ED7: 0 | EE7: 0 | EF7: 0 | EG7: 0 | EH7: 0 | EI7: 0 | EJ7: 0 | EK7: 0 | EL7: 0 | EM7: 0 | EN7: 0 | EO7: 0 | EP7: 0 | ET7: (R)-lactate | EU7: C3H5O3 | EV7: -1 | EW7: 3 | EX7: 5 | EY7: 0 | EZ7: 3 | FA7: 0 | FB7: 0 | FC7: =(4*EW7)+(EX7)+(-3*EY7)+(-2*EZ7)+(5*FA7)+(-2*FB7)+(-1*EV7) -> 12 | FE7: =((4*(EW7))+(EX7)+(5*EY7)+(-2*EZ7)+(5*FA7)+(6*FB7)+(-EV7))/EW7 -> 4 | FF7: =((4*(EW7))+(EX7)+(-3*EY7)+(-2*EZ7)+(5*FA7)+(6*FB7)+(-EV7))/EW7 -> 4 | FG7: =((4*(EW7))+(EX7)+(0*EY7)+(-2*EZ7)+(5*FA7)+(6*FB7)+(-EV7))/EW7 -> 4 | FM7: =MMULT($C7:$EP7,EW$2:EW$145) -> 0 | FN7: =MMULT($C7:$EP7,EX$2:EX$145) -> 0 | FO7: =MMULT($C7:$EP7,EY$2:EY$145) -> 0 | FP7: =MMULT($C7:$EP7,EZ$2:EZ$145) -> 0 | FQ7: =MMULT($C7:$EP7,FA$2:FA$145) -> 0 | FR7: =MMULT($C7:$EP7,FB$2:FB$145) -> 0 | FS7: =MMULT($C7:$EP7,FC$2:FC$145) -> 0 | FV7: Reaction 6: R5 : | FW7: 2 cytc + formaldehyde + H2O ==> 2 cytcE + formate + 3 H_pmf
A8: R8 | B8: 0 | C8: 0 | D8: 0 | E8: 0 | F8: 0 | G8: 0 | H8: 0 | I8: 0 | J8: 0 | K8: 0 | L8: 0 | M8: 0 | N8: 0 | O8: 0 | P8: 0 | Q8: 0 | R8: 0 | S8: 0 | T8: 0 | U8: 0 | V8: 0 | W8: 0 | X8: 0 | Y8: 1 | Z8: 0 | AA8: 0 | AB8: 0 | AC8: 0 | AD8: 0 | AE8: 0 | AF8: 0 | AG8: 0 | AH8: 0 | AI8: 0 | AJ8: 0 | AK8: 0 | AL8: 0 | AM8: 0 | AN8: 0 | AO8: 0 | AP8: 0 | AQ8: 0 | AR8: 0 | AS8: 0 | AT8: 0 | AU8: 0 | AV8: 0 | AW8: 0 | AX8: 0 | AY8: 0 | AZ8: 0 | BA8: 0 | BB8: 0 | BC8: 0 | BD8: 0 | BE8: 0 | BF8: 0 | BG8: 0 | BH8: 0 | BI8: 0 | BJ8: 0 | BK8: 0 | BL8: 0 | BM8: 0 | BN8: 0 | BO8: 0 | BP8: 0 | BQ8: 0 | BR8: 0 | BS8: 0 | BT8: 0 | BU8: 0 | BV8: -1 | BW8: 0 | BX8: 0 | BY8: 0 | BZ8: 0 | CA8: 0 | CB8: 0 | CC8: 0 | CD8: 0 | CE8: 0 | CF8: 0 | CG8: 0 | CH8: 0 | CI8: 0 | CJ8: 0 | CK8: 0 | CL8: 0 | CM8: 0 | CN8: 0 | CO8: 0 | CP8: 1 | CQ8: 0 | CR8: 0 | CS8: 0 | CT8: 0 | CU8: 0 | CV8: 0 | CW8: 0 | CX8: 0 | CY8: 0 | CZ8: 0 | DA8: 0 | DB8: 0 | DC8: 0 | DD8: 0 | DE8: 0 | DF8: 0 | DG8: 0 | DH8: 0 | DI8: 0 | DJ8: 0 | DK8: 0 | DL8: 0 | DM8: 0 | DN8: 0 | DO8: 0 | DP8: 0 | DQ8: 0 | DR8: 0 | DS8: 0 | DT8: 0 | DU8: 0 | DV8: 0 | DW8: 0 | DX8: 0 | DY8: 0 | DZ8: 0 | EA8: 0 | EB8: 0 | EC8: 0 | ED8: 0 | EE8: 0 | EF8: 0 | EG8: 0 | EH8: 0 | EI8: 0 | EJ8: 0 | EK8: 0 | EL8: 0 | EM8: 0 | EN8: 0 | EO8: 0 | EP8: -1 | ET8: (R)-lactate_ext | EU8: C3H5O3 | EV8: -1 | EW8: 3 | EX8: 5 | EY8: 0 | EZ8: 3 | FA8: 0 | FB8: 0 | FC8: =(4*EW8)+(EX8)+(-3*EY8)+(-2*EZ8)+(5*FA8)+(-2*FB8)+(-1*EV8) -> 12 | FE8: =((4*(EW8))+(EX8)+(5*EY8)+(-2*EZ8)+(5*FA8)+(6*FB8)+(-EV8))/EW8 -> 4 | FF8: =((4*(EW8))+(EX8)+(-3*EY8)+(-2*EZ8)+(5*FA8)+(6*FB8)+(-EV8))/EW8 -> 4 | FG8: =((4*(EW8))+(EX8)+(0*EY8)+(-2*EZ8)+(5*FA8)+(6*FB8)+(-EV8))/EW8 -> 4 | FM8: =MMULT($C8:$EP8,EW$2:EW$145) -> 0 | FN8: =MMULT($C8:$EP8,EX$2:EX$145) -> 0 | FO8: =MMULT($C8:$EP8,EY$2:EY$145) -> 0 | FP8: =MMULT($C8:$EP8,EZ$2:EZ$145) -> 0 | FQ8: =MMULT($C8:$EP8,FA$2:FA$145) -> 0 | FR8: =MMULT($C8:$EP8,FB$2:FB$145) -> 0 | FS8: =MMULT($C8:$EP8,FC$2:FC$145) -> 0 | FV8: Reaction 7: R8 : | FW8: formaldehyde + tetrahydromethanopterin ==> 5_10_methylene_tetrahydromethanopterin + H2O
A9: R9 | B9: 0 | C9: 0 | D9: 0 | E9: 0 | F9: 0 | G9: 0 | H9: 0 | I9: 0 | J9: 0 | K9: 0 | L9: 0 | M9: 0 | N9: 0 | O9: 0 | P9: 0 | Q9: 0 | R9: 0 | S9: 0 | T9: 0 | U9: 0 | V9: 0 | W9: 1 | X9: 0 | Y9: -1 | Z9: 0 | AA9: 0 | AB9: 0 | AC9: 0 | AD9: 0 | AE9: 0 | AF9: 0 | AG9: 0 | AH9: 0 | AI9: 0 | AJ9: 0 | AK9: 0 | AL9: 0 | AM9: 0 | AN9: 0 | AO9: 0 | AP9: 0 | AQ9: 0 | AR9: 0 | AS9: 0 | AT9: 0 | AU9: 0 | AV9: 0 | AW9: 0 | AX9: 0 | AY9: 0 | AZ9: 0 | BA9: 0 | BB9: 0 | BC9: 0 | BD9: 0 | BE9: 0 | BF9: 0 | BG9: 0 | BH9: 0 | BI9: 0 | BJ9: 0 | BK9: 0 | BL9: 0 | BM9: 0 | BN9: 0 | BO9: 0 | BP9: 0 | BQ9: 0 | BR9: 0 | BS9: 0 | BT9: 0 | BU9: 0 | BV9: 0 | BW9: 0 | BX9: 0 | BY9: 0 | BZ9: 0 | CA9: 0 | CB9: 0 | CC9: 0 | CD9: 0 | CE9: 0 | CF9: 0 | CG9: 0 | CH9: 0 | CI9: 0 | CJ9: 0 | CK9: 0 | CL9: 0 | CM9: 0 | CN9: 0 | CO9: 0 | CP9: 0 | CQ9: 0 | CR9: 0 | CS9: 0 | CT9: 0 | CU9: 0 | CV9: 0 | CW9: 0 | CX9: 0 | CY9: 0 | CZ9: 0 | DA9: 0 | DB9: 0 | DC9: 0 | DD9: 0 | DE9: 0 | DF9: 0 | DG9: 0 | DH9: 0 | DI9: 0 | DJ9: 0 | DK9: -1 | DL9: 1 | DM9: 0 | DN9: 0 | DO9: 0 | DP9: 0 | DQ9: 0 | DR9: 0 | DS9: 0 | DT9: 0 | DU9: 0 | DV9: 0 | DW9: 0 | DX9: 0 | DY9: 0 | DZ9: 0 | EA9: 0 | EB9: 0 | EC9: 0 | ED9: 0 | EE9: 0 | EF9: 0 | EG9: 0 | EH9: 0 | EI9: 0 | EJ9: 0 | EK9: 0 | EL9: 0 | EM9: 0 | EN9: 0 | EO9: 0 | EP9: 0 | ET9: (R)-methylmalonyl-CoA | EU9: C25H35N7O19P3S | EV9: -5 | EW9: 25 | EX9: 35 | EY9: 7 | EZ9: 19 | FA9: 3 | FB9: 1 | FC9: =(4*EW9)+(EX9)+(-3*EY9)+(-2*EZ9)+(5*FA9)+(-2*FB9)+(-1*EV9) -> 94 | FE9: =((4*(EW9))+(EX9)+(5*EY9)+(-2*EZ9)+(5*FA9)+(6*FB9)+(-EV9))/EW9 -> 6.32 | FF9: =((4*(EW9))+(EX9)+(-3*EY9)+(-2*EZ9)+(5*FA9)+(6*FB9)+(-EV9))/EW9 -> 4.08 | FG9: =((4*(EW9))+(EX9)+(0*EY9)+(-2*EZ9)+(5*FA9)+(6*FB9)+(-EV9))/EW9 -> 4.92 | FM9: =MMULT($C9:$EP9,EW$2:EW$145) -> 0 | FN9: =MMULT($C9:$EP9,EX$2:EX$145) -> 0 | FO9: =MMULT($C9:$EP9,EY$2:EY$145) -> 0 | FP9: =MMULT($C9:$EP9,EZ$2:EZ$145) -> 0 | FQ9: =MMULT($C9:$EP9,FA$2:FA$145) -> 0 | FR9: =MMULT($C9:$EP9,FB$2:FB$145) -> 0 | FS9: =MMULT($C9:$EP9,FC$2:FC$145) -> 0 | FV9: Reaction 8: R9 : | FW9: 5_10_methylene_tetrahydromethanopterin + NAD_ ==> 5_10_methenyltetrahydromethanopterin + NADH
A10: R10 | B10: 0 | C10: 0 | D10: 0 | E10: 0 | F10: 0 | G10: 0 | H10: 0 | I10: 0 | J10: 0 | K10: 0 | L10: 0 | M10: 0 | N10: 0 | O10: 0 | P10: 0 | Q10: 0 | R10: 0 | S10: 0 | T10: 0 | U10: 0 | V10: 0 | W10: 1 | X10: 0 | Y10: -1 | Z10: 0 | AA10: 0 | AB10: 0 | AC10: 0 | AD10: 0 | AE10: 0 | AF10: 0 | AG10: 0 | AH10: 0 | AI10: 0 | AJ10: 0 | AK10: 0 | AL10: 0 | AM10: 0 | AN10: 0 | AO10: 0 | AP10: 0 | AQ10: 0 | AR10: 0 | AS10: 0 | AT10: 0 | AU10: 0 | AV10: 0 | AW10: 0 | AX10: 0 | AY10: 0 | AZ10: 0 | BA10: 0 | BB10: 0 | BC10: 0 | BD10: 0 | BE10: 0 | BF10: 0 | BG10: 0 | BH10: 0 | BI10: 0 | BJ10: 0 | BK10: 0 | BL10: 0 | BM10: 0 | BN10: 0 | BO10: 0 | BP10: 0 | BQ10: 0 | BR10: 0 | BS10: 0 | BT10: 0 | BU10: 0 | BV10: 0 | BW10: 0 | BX10: 0 | BY10: 0 | BZ10: 0 | CA10: 0 | CB10: 0 | CC10: 0 | CD10: 0 | CE10: 0 | CF10: 0 | CG10: 0 | CH10: 0 | CI10: 0 | CJ10: 0 | CK10: 0 | CL10: 0 | CM10: 0 | CN10: 0 | CO10: 0 | CP10: 0 | CQ10: 0 | CR10: 0 | CS10: 0 | CT10: 0 | CU10: 0 | CV10: 0 | CW10: 0 | CX10: 0 | CY10: 0 | CZ10: 0 | DA10: 0 | DB10: 0 | DC10: 0 | DD10: 0 | DE10: 0 | DF10: 0 | DG10: 0 | DH10: 0 | DI10: 0 | DJ10: 0 | DK10: 0 | DL10: 0 | DM10: -1 | DN10: 1 | DO10: 0 | DP10: 0 | DQ10: 0 | DR10: 0 | DS10: 0 | DT10: 0 | DU10: 0 | DV10: 0 | DW10: 0 | DX10: 0 | DY10: 0 | DZ10: 0 | EA10: 0 | EB10: 0 | EC10: 0 | ED10: 0 | EE10: 0 | EF10: 0 | EG10: 0 | EH10: 0 | EI10: 0 | EJ10: 0 | EK10: 0 | EL10: 0 | EM10: 0 | EN10: 0 | EO10: 0 | EP10: 0 | ET10: (S)-malate | EU10: C4H4O5 | EV10: -2 | EW10: 4 | EX10: 4 | EY10: 0 | EZ10: 5 | FA10: 0 | FB10: 0 | FC10: 12 | FE10: =((4*(EW10))+(EX10)+(5*EY10)+(-2*EZ10)+(5*FA10)+(6*FB10)+(-EV10))/EW10 -> 3 | FF10: =((4*(EW10))+(EX10)+(-3*EY10)+(-2*EZ10)+(5*FA10)+(6*FB10)+(-EV10))/EW10 -> 3 | FG10: =((4*(EW10))+(EX10)+(0*EY10)+(-2*EZ10)+(5*FA10)+(6*FB10)+(-EV10))/EW10 -> 3 | FM10: =MMULT($C10:$EP10,EW$2:EW$145) -> 0 | FN10: =MMULT($C10:$EP10,EX$2:EX$145) -> 0 | FO10: =MMULT($C10:$EP10,EY$2:EY$145) -> 0 | FP10: =MMULT($C10:$EP10,EZ$2:EZ$145) -> 0 | FQ10: =MMULT($C10:$EP10,FA$2:FA$145) -> 0 | FR10: =MMULT($C10:$EP10,FB$2:FB$145) -> 0 | FS10: =MMULT($C10:$EP10,FC$2:FC$145) -> 0 | FV10: Reaction 9: R10 : | FW10: 5_10_methylene_tetrahydromethanopterin + NADP_ ==> 5_10_methenyltetrahydromethanopterin + NADPH
A11: R11 | B11: 1 | C11: 0 | D11: 0 | E11: 0 | F11: 0 | G11: 0 | H11: 0 | I11: 0 | J11: 0 | K11: 0 | L11: 0 | M11: 0 | N11: 0 | O11: 0 | P11: 0 | Q11: 0 | R11: 0 | S11: 0 | T11: 0 | U11: 0 | V11: 0 | W11: -1 | X11: 0 | Y11: 0 | Z11: 1 | AA11: 0 | AB11: 0 | AC11: 0 | AD11: 0 | AE11: 0 | AF11: 0 | AG11: 0 | AH11: 0 | AI11: 0 | AJ11: 0 | AK11: 0 | AL11: 0 | AM11: 0 | AN11: 0 | AO11: 0 | AP11: 0 | AQ11: 0 | AR11: 0 | AS11: 0 | AT11: 0 | AU11: 0 | AV11: 0 | AW11: 0 | AX11: 0 | AY11: 0 | AZ11: 0 | BA11: 0 | BB11: 0 | BC11: 0 | BD11: 0 | BE11: 0 | BF11: 0 | BG11: 0 | BH11: 0 | BI11: 0 | BJ11: 0 | BK11: 0 | BL11: 0 | BM11: 0 | BN11: 0 | BO11: 0 | BP11: 0 | BQ11: 0 | BR11: 0 | BS11: 0 | BT11: 0 | BU11: 0 | BV11: 0 | BW11: 0 | BX11: 0 | BY11: 0 | BZ11: 0 | CA11: 0 | CB11: 0 | CC11: 0 | CD11: 0 | CE11: 0 | CF11: 0 | CG11: 0 | CH11: 0 | CI11: 0 | CJ11: 0 | CK11: 0 | CL11: 1 | CM11: 0 | CN11: 0 | CO11: 0 | CP11: -1 | CQ11: 0 | CR11: 0 | CS11: 0 | CT11: 0 | CU11: 0 | CV11: 0 | CW11: 0 | CX11: 0 | CY11: 0 | CZ11: 0 | DA11: 0 | DB11: 0 | DC11: 0 | DD11: 0 | DE11: 0 | DF11: 0 | DG11: 0 | DH11: 0 | DI11: 0 | DJ11: 0 | DK11: 0 | DL11: 0 | DM11: 0 | DN11: 0 | DO11: 0 | DP11: 0 | DQ11: 0 | DR11: 0 | DS11: 0 | DT11: 0 | DU11: 0 | DV11: 0 | DW11: 0 | DX11: 0 | DY11: 0 | DZ11: 0 | EA11: 0 | EB11: 0 | EC11: 0 | ED11: 0 | EE11: 0 | EF11: 0 | EG11: 0 | EH11: 0 | EI11: 0 | EJ11: 0 | EK11: 0 | EL11: 0 | EM11: 0 | EN11: 0 | EO11: 0 | EP11: 0 | ET11: (S)-malyl-CoA | EU11: C25H35N7O20P3S | EV11: -5 | EW11: 25 | EX11: 35 | EY11: 7 | EZ11: 20 | FA11: 3 | FB11: 1 | FC11: 92 | FE11: =((4*(EW11))+(EX11)+(5*EY11)+(-2*EZ11)+(5*FA11)+(6*FB11)+(-EV11))/EW11 -> 6.24 | FF11: =((4*(EW11))+(EX11)+(-3*EY11)+(-2*EZ11)+(5*FA11)+(6*FB11)+(-EV11))/EW11 -> 4 | FG11: =((4*(EW11))+(EX11)+(0*EY11)+(-2*EZ11)+(5*FA11)+(6*FB11)+(-EV11))/EW11 -> 4.84 | FM11: =MMULT($C11:$EP11,EW$2:EW$145) -> 0 | FN11: =MMULT($C11:$EP11,EX$2:EX$145) -> 0 | FO11: =MMULT($C11:$EP11,EY$2:EY$145) -> 0 | FP11: =MMULT($C11:$EP11,EZ$2:EZ$145) -> 0 | FQ11: =MMULT($C11:$EP11,FA$2:FA$145) -> 0 | FR11: =MMULT($C11:$EP11,FB$2:FB$145) -> 0 | FS11: =MMULT($C11:$EP11,FC$2:FC$145) -> 0 | FV11: Reaction 10: R11 : | FW11: 5_10_methenyltetrahydromethanopterin + H2O <==> 5_formyl_tetrahydromethanopterin + H_
A12: R12 | B12: 0 | C12: 0 | D12: 0 | E12: 0 | F12: 0 | G12: 0 | H12: 0 | I12: 0 | J12: 0 | K12: 0 | L12: 0 | M12: 0 | N12: 0 | O12: 0 | P12: 0 | Q12: 0 | R12: 0 | S12: 0 | T12: 0 | U12: 0 | V12: 0 | W12: 0 | X12: 0 | Y12: 0 | Z12: -1 | AA12: 0 | AB12: 0 | AC12: 0 | AD12: 0 | AE12: 0 | AF12: 0 | AG12: 0 | AH12: 0 | AI12: 0 | AJ12: 0 | AK12: 0 | AL12: 0 | AM12: 0 | AN12: 0 | AO12: 0 | AP12: 0 | AQ12: 0 | AR12: 0 | AS12: 0 | AT12: 0 | AU12: 0 | AV12: 0 | AW12: 0 | AX12: 0 | AY12: 0 | AZ12: 0 | BA12: 0 | BB12: 0 | BC12: 0 | BD12: 0 | BE12: 0 | BF12: 0 | BG12: 0 | BH12: 0 | BI12: 0 | BJ12: 0 | BK12: 0 | BL12: 0 | BM12: 0 | BN12: 0 | BO12: 0 | BP12: 0 | BQ12: 0 | BR12: 0 | BS12: 0 | BT12: 0 | BU12: 0 | BV12: 0 | BW12: 0 | BX12: 1 | BY12: 0 | BZ12: 0 | CA12: 0 | CB12: 0 | CC12: 0 | CD12: 0 | CE12: 0 | CF12: 0 | CG12: 0 | CH12: 0 | CI12: 0 | CJ12: 0 | CK12: 0 | CL12: 1 | CM12: 0 | CN12: 0 | CO12: 0 | CP12: -1 | CQ12: 0 | CR12: 0 | CS12: 0 | CT12: 0 | CU12: 0 | CV12: 0 | CW12: 0 | CX12: 0 | CY12: 0 | CZ12: 0 | DA12: 0 | DB12: 0 | DC12: 0 | DD12: 0 | DE12: 0 | DF12: 0 | DG12: 0 | DH12: 0 | DI12: 0 | DJ12: 0 | DK12: 0 | DL12: 0 | DM12: 0 | DN12: 0 | DO12: 0 | DP12: 0 | DQ12: 0 | DR12: 0 | DS12: 0 | DT12: 0 | DU12: 0 | DV12: 0 | DW12: 0 | DX12: 0 | DY12: 0 | DZ12: 0 | EA12: 0 | EB12: 0 | EC12: 0 | ED12: 0 | EE12: 0 | EF12: 0 | EG12: 0 | EH12: 0 | EI12: 0 | EJ12: 0 | EK12: 0 | EL12: 0 | EM12: 0 | EN12: 0 | EO12: 0 | EP12: 1 | ET12: (S)-methylmalonyl-CoA | EU12: C25H35N7O19P3S | EV12: -5 | EW12: 25 | EX12: 35 | EY12: 7 | EZ12: 19 | FA12: 3 | FB12: 1 | FC12: =(4*EW12)+(EX12)+(-3*EY12)+(-2*EZ12)+(5*FA12)+(-2*FB12)+(-1*EV12) -> 94 | FE12: =((4*(EW12))+(EX12)+(5*EY12)+(-2*EZ12)+(5*FA12)+(6*FB12)+(-EV12))/EW12 -> 6.32 | FF12: =((4*(EW12))+(EX12)+(-3*EY12)+(-2*EZ12)+(5*FA12)+(6*FB12)+(-EV12))/EW12 -> 4.08 | FG12: =((4*(EW12))+(EX12)+(0*EY12)+(-2*EZ12)+(5*FA12)+(6*FB12)+(-EV12))/EW12 -> 4.92 | FM12: =MMULT($C12:$EP12,EW$2:EW$145) -> 0 | FN12: =MMULT($C12:$EP12,EX$2:EX$145) -> 0 | FO12: =MMULT($C12:$EP12,EY$2:EY$145) -> 0 | FP12: =MMULT($C12:$EP12,EZ$2:EZ$145) -> 0 | FQ12: =MMULT($C12:$EP12,FA$2:FA$145) -> 0 | FR12: =MMULT($C12:$EP12,FB$2:FB$145) -> 0 | FS12: =MMULT($C12:$EP12,FC$2:FC$145) -> 0 | FV12: Reaction 11: R12 : | FW12: 5_formyl_tetrahydromethanopterin + H2O ==> formate + H_ + tetrahydromethanopterin
A13: R13 | B13: 0 | C13: 0 | D13: 0 | E13: 0 | F13: 0 | G13: 0 | H13: 0 | I13: 0 | J13: 0 | K13: 0 | L13: 0 | M13: 0 | N13: 0 | O13: 0 | P13: 0 | Q13: 0 | R13: 0 | S13: 0 | T13: 0 | U13: 0 | V13: 0 | W13: 0 | X13: 1 | Y13: 0 | Z13: 0 | AA13: 0 | AB13: 0 | AC13: 0 | AD13: 0 | AE13: 0 | AF13: 0 | AG13: 0 | AH13: 0 | AI13: 0 | AJ13: 0 | AK13: 0 | AL13: 0 | AM13: 0 | AN13: 0 | AO13: 0 | AP13: 0 | AQ13: 0 | AR13: 0 | AS13: 0 | AT13: 0 | AU13: 0 | AV13: 0 | AW13: 0 | AX13: 0 | AY13: 0 | AZ13: 0 | BA13: 0 | BB13: 0 | BC13: 0 | BD13: 0 | BE13: 0 | BF13: 0 | BG13: 0 | BH13: 0 | BI13: 0 | BJ13: 0 | BK13: 0 | BL13: 0 | BM13: 0 | BN13: 0 | BO13: 0 | BP13: 0 | BQ13: 0 | BR13: 0 | BS13: 0 | BT13: 0 | BU13: 0 | BV13: -1 | BW13: 0 | BX13: 0 | BY13: 0 | BZ13: 0 | CA13: 0 | CB13: 0 | CC13: 0 | CD13: 0 | CE13: 0 | CF13: 0 | CG13: 0 | CH13: 0 | CI13: 0 | CJ13: 0 | CK13: 0 | CL13: 0 | CM13: 0 | CN13: 0 | CO13: 0 | CP13: 1 | CQ13: 0 | CR13: 0 | CS13: 0 | CT13: 0 | CU13: 0 | CV13: 0 | CW13: 0 | CX13: 0 | CY13: 0 | CZ13: 0 | DA13: 0 | DB13: 0 | DC13: 0 | DD13: 0 | DE13: 0 | DF13: 0 | DG13: 0 | DH13: 0 | DI13: 0 | DJ13: 0 | DK13: 0 | DL13: 0 | DM13: 0 | DN13: 0 | DO13: 0 | DP13: 0 | DQ13: 0 | DR13: 0 | DS13: 0 | DT13: 0 | DU13: 0 | DV13: 0 | DW13: 0 | DX13: 0 | DY13: 0 | DZ13: 0 | EA13: 0 | EB13: 0 | EC13: 0 | ED13: 0 | EE13: 0 | EF13: 0 | EG13: 0 | EH13: 0 | EI13: 0 | EJ13: 0 | EK13: 0 | EL13: 0 | EM13: 0 | EN13: 0 | EO13: -1 | EP13: 0 | ET13: 10-formyl-tetrahydrofolate | EU13: C20H21N7O7 | EV13: -2 | EW13: 20 | EX13: 21 | EY13: 7 | EZ13: 7 | FA13: 0 | FB13: 0 | FC13: =(4*EW13)+(EX13)+(-3*EY13)+(-2*EZ13)+(5*FA13)+(-2*FB13)+(-1*EV13) -> 68 | FE13: =((4*(EW13))+(EX13)+(5*EY13)+(-2*EZ13)+(5*FA13)+(6*FB13)+(-EV13))/EW13 -> 6.2 | FF13: =((4*(EW13))+(EX13)+(-3*EY13)+(-2*EZ13)+(5*FA13)+(6*FB13)+(-EV13))/EW13 -> 3.4 | FG13: =((4*(EW13))+(EX13)+(0*EY13)+(-2*EZ13)+(5*FA13)+(6*FB13)+(-EV13))/EW13 -> 4.45 | FM13: =MMULT($C13:$EP13,EW$2:EW$145) -> 0 | FN13: =MMULT($C13:$EP13,EX$2:EX$145) -> 0 | FO13: =MMULT($C13:$EP13,EY$2:EY$145) -> 0 | FP13: =MMULT($C13:$EP13,EZ$2:EZ$145) -> 0 | FQ13: =MMULT($C13:$EP13,FA$2:FA$145) -> 0 | FR13: =MMULT($C13:$EP13,FB$2:FB$145) -> 0 | FS13: =MMULT($C13:$EP13,FC$2:FC$145) -> 0 | FV13: Reaction 12: R13 : | FW13: formaldehyde + tetrahydrofolate ==> 5_10_methylenetetrahydrofolate + H2O
